Player,Nation,Squad,Age,90s,SCA,SCA90,Types PassLive,Types PassDead,Types TO,Types Sh,Types Fld,Types Def,GCA,GCA90,Types PassLive,Types PassDead,Types TO,Types Sh,Types Fld,Types Def,Position 1,Position 2
Max Aarons,ENG,Bournemouth,"23 years,  days",13.7,23,1.68,16.0,4.0,0.0,0.0,3.0,0.0,2,0.15,2.0,0.0,0.0,0.0,0.0,0.0,Defender,
Joshua Acheampong,ENG,Chelsea,"17 years,  days",0.1,1,15.0,0.0,1.0,0.0,0.0,0.0,0.0,0,0.0,0.0,0.0,0.0,0.0,0.0,0.0,Defender,
Tyler Adams,USA,Bournemouth,"24 years,  days",1.3,3,2.25,2.0,1.0,0.0,0.0,0.0,0.0,0,0.0,0.0,0.0,0.0,0.0,0.0,0.0,Midfielder,
Tosin Adarabioyo,ENG,Fulham,"25 years,  days",18.0,10,0.56,6.0,0.0,0.0,4.0,0.0,0.0,0,0.0,0.0,0.0,0.0,0.0,0.0,0.0,Defender,
Elijah Adebayo,ENG,Luton Town,"25 years,  days",15.8,31,1.97,19.0,0.0,5.0,5.0,2.0,0.0,5,0.32,2.0,0.0,0.0,3.0,0.0,0.0,Forward,
Simon Adingra,CIV,Brighton,"21 years,  days",24.7,77,3.12,51.0,1.0,13.0,7.0,3.0,2.0,4,0.16,3.0,0.0,0.0,0.0,0.0,1.0,Forward,
Nayef Aguerd,MAR,West Ham,"27 years,  days",20.6,14,0.68,12.0,1.0,0.0,1.0,0.0,0.0,0,0.0,0.0,0.0,0.0,0.0,0.0,0.0,Defender,
Brandon Aguilera,CRC,Nottingham Forest,"20 years,  days",0.1,0,0.0,0.0,0.0,0.0,0.0,0.0,0.0,0,0.0,0.0,0.0,0.0,0.0,0.0,0.0,Forward,
Naouirou Ahamada,FRA,Crystal Palace,"21 years,  days",3.9,9,2.3,9.0,0.0,0.0,0.0,0.0,0.0,3,0.77,3.0,0.0,0.0,0.0,0.0,0.0,Midfielder,Forward
Anel Ahmedhodžić,BIH,Sheffield Utd,"24 years,  days",29.4,26,0.88,23.0,0.0,0.0,3.0,0.0,0.0,1,0.03,0.0,0.0,0.0,1.0,0.0,0.0,Defender,
Ola Aina,NGA,Nottingham Forest,"26 years,  days",18.8,38,2.02,25.0,5.0,3.0,1.0,3.0,1.0,1,0.05,1.0,0.0,0.0,0.0,0.0,0.0,Defender,
Rayan Aït-Nouri,ALG,Wolves,"22 years,  days",25.9,65,2.51,41.0,9.0,6.0,3.0,6.0,0.0,5,0.19,2.0,0.0,0.0,0.0,3.0,0.0,Defender,Midfielder
Kristoffer Ajer,NOR,Brentford,"25 years,  days",20.4,27,1.33,24.0,0.0,1.0,2.0,0.0,0.0,3,0.15,3.0,0.0,0.0,0.0,0.0,0.0,Defender,
Manuel Akanji,SUI,Manchester City,"28 years,  days",27.9,55,1.97,45.0,1.0,0.0,3.0,2.0,4.0,4,0.14,4.0,0.0,0.0,0.0,0.0,0.0,Defender,Midfielder
Nathan Aké,NED,Manchester City,"28 years,  days",22.7,36,1.59,28.0,0.0,2.0,4.0,1.0,1.0,6,0.26,3.0,0.0,1.0,2.0,0.0,0.0,Defender,
Thiago Alcántara,ESP,Liverpool,"32 years,  days",0.1,0,0.0,0.0,0.0,0.0,0.0,0.0,0.0,0,0.0,0.0,0.0,0.0,0.0,0.0,0.0,Midfielder,
Trent Alexander-Arnold,ENG,Liverpool,"24 years,  days",23.9,126,5.27,80.0,33.0,5.0,6.0,0.0,2.0,7,0.29,4.0,3.0,0.0,0.0,0.0,0.0,Defender,
Alisson,BRA,Liverpool,"30 years,  days",28.0,11,0.39,10.0,1.0,0.0,0.0,0.0,0.0,0,0.0,0.0,0.0,0.0,0.0,0.0,0.0,Goalkeeper,
Miguel Almirón,PAR,Newcastle Utd,"29 years,  days",21.5,52,2.41,40.0,1.0,3.0,7.0,1.0,0.0,4,0.19,2.0,1.0,0.0,1.0,0.0,0.0,Forward,
Edson Álvarez,MEX,West Ham,"25 years,  days",26.4,32,1.21,24.0,0.0,2.0,3.0,0.0,3.0,2,0.08,2.0,0.0,0.0,0.0,0.0,0.0,Midfielder,
Julián Álvarez,ARG,Manchester City,"23 years,  days",29.4,118,4.01,74.0,28.0,4.0,10.0,2.0,0.0,15,0.51,12.0,1.0,0.0,0.0,2.0,0.0,Midfielder,Forward
Zeki Amdouni,SUI,Burnley,"22 years,  days",21.7,50,2.3,30.0,0.0,5.0,7.0,5.0,3.0,4,0.18,1.0,0.0,2.0,0.0,1.0,0.0,Forward,
Sofyan Amrabat,MAR,Manchester Utd,"26 years,  days",10.4,19,1.82,19.0,0.0,0.0,0.0,0.0,0.0,1,0.1,1.0,0.0,0.0,0.0,0.0,0.0,Midfielder,Defender
Joachim Andersen,DEN,Crystal Palace,"27 years,  days",37.9,47,1.24,41.0,1.0,0.0,3.0,0.0,2.0,5,0.13,5.0,0.0,0.0,0.0,0.0,0.0,Defender,
Elliot Anderson,ENG,Newcastle Utd,"20 years,  days",11.4,34,2.98,28.0,0.0,4.0,2.0,0.0,0.0,3,0.26,3.0,0.0,0.0,0.0,0.0,0.0,Midfielder,Forward
Jaidon Anthony,ENG,Bournemouth,"23 years,  days",1.7,3,1.78,2.0,0.0,1.0,0.0,0.0,0.0,0,0.0,0.0,0.0,0.0,0.0,0.0,0.0,Forward,
Michail Antonio,JAM,West Ham,"33 years,  days",18.8,33,1.75,18.0,1.0,5.0,3.0,4.0,2.0,5,0.27,4.0,0.0,1.0,0.0,0.0,0.0,Forward,
Antony,BRA,Manchester Utd,"23 years,  days",14.7,55,3.74,45.0,1.0,2.0,0.0,4.0,3.0,3,0.2,1.0,0.0,0.0,0.0,0.0,2.0,Forward,
Oliver Arblaster,ENG,Sheffield Utd,"19 years,  days",10.5,23,2.2,19.0,2.0,0.0,1.0,0.0,1.0,2,0.19,1.0,0.0,0.0,1.0,0.0,0.0,Midfielder,
Cameron Archer,ENG,Sheffield Utd,"22 years,  days",20.4,49,2.41,32.0,0.0,9.0,5.0,1.0,2.0,4,0.2,2.0,0.0,1.0,1.0,0.0,0.0,Forward,Midfielder
Cameron Archer,ENG,Aston Villa,"22 years,  days",0.1,0,0.0,0.0,0.0,0.0,0.0,0.0,0.0,0,0.0,0.0,0.0,0.0,0.0,0.0,0.0,Midfielder,
Alphonse Areola,FRA,West Ham,"30 years,  days",30.0,2,0.07,1.0,1.0,0.0,0.0,0.0,0.0,0,0.0,0.0,0.0,0.0,0.0,0.0,0.0,Goalkeeper,
Lorenz Assignon,TOG,Burnley,"23 years,  days",13.7,23,1.68,18.0,3.0,1.0,0.0,1.0,0.0,2,0.15,2.0,0.0,0.0,0.0,0.0,0.0,Defender,
Serge Aurier,CIV,Nottingham Forest,"30 years,  days",9.3,15,1.62,12.0,1.0,1.0,0.0,1.0,0.0,2,0.22,2.0,0.0,0.0,0.0,0.0,0.0,Defender,Midfielder
Taiwo Awoniyi,NGA,Nottingham Forest,"25 years,  days",11.6,30,2.6,22.0,0.0,2.0,0.0,4.0,2.0,6,0.52,5.0,0.0,1.0,0.0,0.0,0.0,Forward,
Jordan Ayew,GHA,Crystal Palace,"31 years,  days",28.3,72,2.55,40.0,5.0,5.0,7.0,12.0,3.0,12,0.42,10.0,0.0,1.0,0.0,1.0,0.0,Forward,Midfielder
Benoît Badiashile,FRA,Chelsea,"22 years,  days",14.9,23,1.55,18.0,0.0,0.0,2.0,1.0,2.0,3,0.2,3.0,0.0,0.0,0.0,0.0,0.0,Defender,
Leon Bailey,JAM,Aston Villa,"25 years,  days",23.0,97,4.22,70.0,7.0,9.0,7.0,3.0,1.0,11,0.48,7.0,1.0,1.0,2.0,0.0,0.0,Midfielder,Forward
Stefan Bajcetic,ESP,Liverpool,"18 years,  days",0.3,0,0.0,0.0,0.0,0.0,0.0,0.0,0.0,0,0.0,0.0,0.0,0.0,0.0,0.0,0.0,Midfielder,
George Baldock,GRE,Sheffield Utd,"30 years,  days",10.8,16,1.49,10.0,3.0,2.0,0.0,1.0,0.0,2,0.19,1.0,0.0,0.0,0.0,1.0,0.0,Defender,
Carlos Baleba,CMR,Brighton,"19 years,  days",14.7,17,1.15,16.0,0.0,0.0,1.0,0.0,0.0,1,0.07,1.0,0.0,0.0,0.0,0.0,0.0,Midfielder,
Fodé Ballo-Touré,SEN,Fulham,"26 years,  days",0.8,0,0.0,0.0,0.0,0.0,0.0,0.0,0.0,0,0.0,0.0,0.0,0.0,0.0,0.0,0.0,Defender,Midfielder
Shandon Baptiste,GRN,Brentford,"25 years,  days",2.5,5,1.96,4.0,0.0,1.0,0.0,0.0,0.0,1,0.39,1.0,0.0,0.0,0.0,0.0,0.0,Midfielder,
Valentín Barco,ARG,Brighton,"19 years,  days",3.4,8,2.35,5.0,3.0,0.0,0.0,0.0,0.0,0,0.0,0.0,0.0,0.0,0.0,0.0,0.0,Defender,Forward
Ross Barkley,ENG,Luton Town,"29 years,  days",29.1,104,3.58,67.0,11.0,14.0,6.0,3.0,3.0,11,0.38,6.0,2.0,1.0,1.0,1.0,0.0,Midfielder,
Harvey Barnes,ENG,Newcastle Utd,"25 years,  days",8.9,29,3.25,18.0,0.0,5.0,3.0,3.0,0.0,6,0.67,4.0,0.0,2.0,0.0,0.0,0.0,Forward,Midfielder
Chris Basham,ENG,Sheffield Utd,"35 years,  days",3.6,3,0.84,1.0,0.0,0.0,1.0,1.0,0.0,0,0.0,0.0,0.0,0.0,0.0,0.0,0.0,Defender,Midfielder
Calvin Bassey,NGA,Fulham,"23 years,  days",25.6,15,0.59,13.0,0.0,0.0,2.0,0.0,0.0,2,0.08,0.0,0.0,0.0,2.0,0.0,0.0,Defender,
Owen Beck,WAL,Liverpool,"20 years,  days",0.1,0,0.0,0.0,0.0,0.0,0.0,0.0,0.0,0,0.0,0.0,0.0,0.0,0.0,0.0,0.0,Defender,
Donny van de Beek,NED,Manchester Utd,"26 years,  days",0.0,1,30.0,1.0,0.0,0.0,0.0,0.0,0.0,0,0.0,0.0,0.0,0.0,0.0,0.0,0.0,Defender,
Amari'i Bell,JAM,Luton Town,"29 years,  days",19.1,25,1.31,22.0,0.0,0.0,0.0,2.0,1.0,3,0.16,3.0,0.0,0.0,0.0,0.0,0.0,Defender,
Jean-Ricner Bellegarde,FRA,Wolves,"25 years,  days",10.6,30,2.81,20.0,2.0,6.0,1.0,1.0,0.0,2,0.19,1.0,0.0,1.0,0.0,0.0,0.0,Midfielder,Forward
Anis Ben Slimane,TUN,Sheffield Utd,"22 years,  days",4.7,12,2.58,8.0,1.0,1.0,1.0,0.0,1.0,0,0.0,0.0,0.0,0.0,0.0,0.0,0.0,Midfielder,
Saïd Benrahma,ALG,West Ham,"27 years,  days",6.9,26,3.77,23.0,0.0,3.0,0.0,0.0,0.0,1,0.15,1.0,0.0,0.0,0.0,0.0,0.0,Forward,Midfielder
Rodrigo Bentancur,URU,Tottenham,"26 years,  days",11.2,31,2.78,26.0,0.0,1.0,2.0,0.0,2.0,4,0.36,3.0,0.0,0.0,0.0,0.0,1.0,Midfielder,
Daniel Bentley,ENG,Wolves,"30 years,  days",4.3,1,0.23,1.0,0.0,0.0,0.0,0.0,0.0,0,0.0,0.0,0.0,0.0,0.0,0.0,0.0,Goalkeeper,
Jóhann Berg Guðmundsson,ISL,Burnley,"32 years,  days",13.2,50,3.78,28.0,17.0,0.0,2.0,3.0,0.0,5,0.38,3.0,2.0,0.0,0.0,0.0,0.0,Midfielder,Forward
Sander Berge,NOR,Burnley,"25 years,  days",33.4,67,2.01,63.0,0.0,3.0,0.0,1.0,0.0,8,0.24,7.0,0.0,1.0,0.0,0.0,0.0,Midfielder,
Luke Berry,ENG,Luton Town,"31 years,  days",3.6,6,1.67,2.0,1.0,1.0,2.0,0.0,0.0,1,0.28,0.0,0.0,1.0,0.0,0.0,0.0,Midfielder,Defender
Beto,GNB,Everton,"25 years,  days",10.6,32,3.03,19.0,0.0,6.0,3.0,2.0,2.0,1,0.09,1.0,0.0,0.0,0.0,0.0,0.0,Forward,
Jordan Beyer,GER,Burnley,"23 years,  days",13.7,10,0.73,10.0,0.0,0.0,0.0,0.0,0.0,1,0.07,1.0,0.0,0.0,0.0,0.0,0.0,Defender,
Philip Billing,DEN,Bournemouth,"27 years,  days",15.5,46,2.96,40.0,2.0,1.0,2.0,1.0,0.0,5,0.32,5.0,0.0,0.0,0.0,0.0,0.0,Midfielder,
Yves Bissouma,MLI,Tottenham,"26 years,  days",23.0,44,1.91,35.0,2.0,3.0,0.0,0.0,4.0,3,0.13,3.0,0.0,0.0,0.0,0.0,0.0,Midfielder,
Benicio Boaitey,ENG,Brighton,"19 years,  days",0.4,2,4.5,1.0,0.0,0.0,1.0,0.0,0.0,0,0.0,0.0,0.0,0.0,0.0,0.0,0.0,Forward,Defender
Oscar Bobb,NOR,Manchester City,"20 years,  days",3.4,22,6.56,16.0,0.0,4.0,1.0,1.0,0.0,6,1.79,3.0,0.0,2.0,0.0,1.0,0.0,Forward,Midfielder
Jayden Bogle,ENG,Sheffield Utd,"23 years,  days",31.0,33,1.07,26.0,1.0,3.0,1.0,2.0,0.0,1,0.03,0.0,0.0,0.0,1.0,0.0,0.0,Defender,
Willy Boly,CIV,Nottingham Forest,"32 years,  days",16.0,16,1.0,14.0,0.0,0.0,2.0,0.0,0.0,2,0.13,2.0,0.0,0.0,0.0,0.0,0.0,Defender,
Sven Botman,NED,Newcastle Utd,"23 years,  days",15.3,14,0.92,12.0,0.0,0.0,2.0,0.0,0.0,3,0.2,3.0,0.0,0.0,0.0,0.0,0.0,Defender,
Jarrod Bowen,ENG,West Ham,"26 years,  days",33.5,81,2.42,55.0,7.0,6.0,5.0,6.0,2.0,12,0.36,9.0,1.0,0.0,1.0,0.0,1.0,Forward,
Conor Bradley,NIR,Liverpool,"20 years,  days",8.4,27,3.22,18.0,1.0,3.0,2.0,1.0,2.0,3,0.36,2.0,1.0,0.0,0.0,0.0,0.0,Defender,
Jarrad Branthwaite,ENG,Everton,"21 years,  days",34.6,25,0.72,20.0,0.0,0.0,1.0,3.0,1.0,4,0.12,3.0,0.0,0.0,0.0,1.0,0.0,Defender,
Ben Brereton,CHI,Sheffield Utd,"24 years,  days",12.3,31,2.52,21.0,0.0,4.0,2.0,3.0,1.0,4,0.33,2.0,0.0,1.0,0.0,1.0,0.0,Forward,Midfielder
Rhian Brewster,ENG,Sheffield Utd,"23 years,  days",3.8,7,1.82,6.0,0.0,0.0,1.0,0.0,0.0,0,0.0,0.0,0.0,0.0,0.0,0.0,0.0,Forward,Midfielder
Armando Broja,ALB,Chelsea,"21 years,  days",5.0,8,1.59,5.0,0.0,1.0,0.0,2.0,0.0,1,0.2,0.0,0.0,0.0,0.0,1.0,0.0,Forward,
Armando Broja,ALB,Fulham,"21 years,  days",1.0,1,1.01,1.0,0.0,0.0,0.0,0.0,0.0,0,0.0,0.0,0.0,0.0,0.0,0.0,0.0,Forward,
Andre Brooks,ENG,Sheffield Utd,"19 years,  days",10.4,9,0.86,6.0,0.0,2.0,1.0,0.0,0.0,0,0.0,0.0,0.0,0.0,0.0,0.0,0.0,Midfielder,Defender
David Brooks,WAL,Bournemouth,"26 years,  days",3.1,20,6.41,16.0,1.0,1.0,1.0,1.0,0.0,3,0.96,2.0,0.0,1.0,0.0,0.0,0.0,Forward,Midfielder
Jacob Brown,SCO,Luton Town,"25 years,  days",11.3,15,1.33,10.0,0.0,1.0,1.0,3.0,0.0,0,0.0,0.0,0.0,0.0,0.0,0.0,0.0,Midfielder,Forward
Josh Brownhill,ENG,Burnley,"27 years,  days",25.0,70,2.8,43.0,19.0,1.0,3.0,3.0,1.0,6,0.24,5.0,1.0,0.0,0.0,0.0,0.0,Midfielder,
Jacob Bruun Larsen,DEN,Burnley,"24 years,  days",13.9,46,3.31,32.0,11.0,1.0,1.0,1.0,0.0,0,0.0,0.0,0.0,0.0,0.0,0.0,0.0,Midfielder,Forward
Hugo Bueno,ESP,Wolves,"20 years,  days",8.2,17,2.07,14.0,0.0,1.0,1.0,1.0,0.0,2,0.24,2.0,0.0,0.0,0.0,0.0,0.0,Defender,Midfielder
Santiago Bueno,URU,Wolves,"24 years,  days",9.1,5,0.55,5.0,0.0,0.0,0.0,0.0,0.0,0,0.0,0.0,0.0,0.0,0.0,0.0,0.0,Defender,
Facundo Buonanotte,ARG,Brighton,"18 years,  days",15.2,38,2.51,26.0,1.0,2.0,3.0,5.0,1.0,2,0.13,2.0,0.0,0.0,0.0,0.0,0.0,Forward,Midfielder
Reece Burke,ENG,Luton Town,"26 years,  days",18.4,21,1.14,15.0,1.0,0.0,5.0,0.0,0.0,4,0.22,3.0,0.0,0.0,1.0,0.0,0.0,Defender,
Dan Burn,ENG,Newcastle Utd,"31 years,  days",30.3,27,0.89,22.0,2.0,1.0,2.0,0.0,0.0,4,0.13,3.0,0.0,0.0,1.0,0.0,0.0,Defender,
Mason Burstow,ENG,Chelsea,"19 years,  days",0.1,0,0.0,0.0,0.0,0.0,0.0,0.0,0.0,0,0.0,0.0,0.0,0.0,0.0,0.0,0.0,Forward,
Moisés Caicedo,ECU,Chelsea,"21 years,  days",31.8,66,2.07,52.0,0.0,3.0,1.0,6.0,4.0,12,0.38,11.0,0.0,0.0,0.0,0.0,1.0,Midfielder,
Tom Cairney,SCO,Fulham,"32 years,  days",16.5,71,4.3,62.0,2.0,2.0,2.0,1.0,2.0,13,0.79,11.0,0.0,1.0,0.0,1.0,0.0,Midfielder,
Dominic Calvert-Lewin,ENG,Everton,"26 years,  days",24.1,54,2.24,37.0,0.0,4.0,7.0,4.0,2.0,6,0.25,3.0,0.0,0.0,3.0,0.0,0.0,Forward,
Thomas Cannon,IRL,Everton,"20 years,  days",0.0,0,0.0,0.0,0.0,0.0,0.0,0.0,0.0,0,0.0,0.0,0.0,0.0,0.0,0.0,0.0,Forward,
Diego Carlos,BRA,Aston Villa,"30 years,  days",20.2,9,0.45,9.0,0.0,0.0,0.0,0.0,0.0,2,0.1,2.0,0.0,0.0,0.0,0.0,0.0,Defender,
Cesare Casadei,ITA,Chelsea,"20 years,  days",0.9,4,4.62,2.0,0.0,0.0,0.0,1.0,1.0,0,0.0,0.0,0.0,0.0,0.0,0.0,0.0,Forward,Midfielder
Casemiro,BRA,Manchester Utd,"31 years,  days",22.0,41,1.86,35.0,2.0,0.0,3.0,1.0,0.0,4,0.18,4.0,0.0,0.0,0.0,0.0,0.0,Midfielder,Defender
Kaelan Casey,ENG,West Ham,"18 years,  days",0.0,0,0.0,0.0,0.0,0.0,0.0,0.0,0.0,0,0.0,0.0,0.0,0.0,0.0,0.0,0.0,Defender,
Matty Cash,POL,Aston Villa,"25 years,  days",23.8,44,1.85,34.0,1.0,0.0,6.0,2.0,1.0,8,0.34,7.0,0.0,0.0,0.0,1.0,0.0,Defender,
Timothy Castagne,BEL,Fulham,"27 years,  days",29.3,50,1.71,39.0,2.0,4.0,4.0,0.0,1.0,2,0.07,2.0,0.0,0.0,0.0,0.0,0.0,Defender,
Jonny Castro,ESP,Wolves,"29 years,  days",0.1,0,0.0,0.0,0.0,0.0,0.0,0.0,0.0,0,0.0,0.0,0.0,0.0,0.0,0.0,0.0,Midfielder,
Trevoh Chalobah,ENG,Chelsea,"24 years,  days",10.6,5,0.47,5.0,0.0,0.0,0.0,0.0,0.0,1,0.09,1.0,0.0,0.0,0.0,0.0,0.0,Defender,
Calum Chambers,ENG,Aston Villa,"28 years,  days",1.7,1,0.6,1.0,0.0,0.0,0.0,0.0,0.0,0,0.0,0.0,0.0,0.0,0.0,0.0,0.0,Midfielder,Defender
Youssef Chermiti,POR,Everton,"19 years,  days",2.3,7,3.03,5.0,0.0,1.0,1.0,0.0,0.0,0,0.0,0.0,0.0,0.0,0.0,0.0,0.0,Forward,
Ben Chilwell,ENG,Chelsea,"26 years,  days",8.4,22,2.62,11.0,8.0,0.0,1.0,2.0,0.0,2,0.24,1.0,0.0,0.0,1.0,0.0,0.0,Defender,
Tawanda Chirewa,ZIM,Wolves,"19 years,  days",1.6,3,1.86,3.0,0.0,0.0,0.0,0.0,0.0,0,0.0,0.0,0.0,0.0,0.0,0.0,0.0,Midfielder,Forward
Leon Chiwome,ENG,Wolves,"17 years,  days",1.9,1,0.52,1.0,0.0,0.0,0.0,0.0,0.0,0,0.0,0.0,0.0,0.0,0.0,0.0,0.0,Forward,
Tahith Chong,NED,Luton Town,"23 years,  days",22.0,49,2.22,31.0,0.0,3.0,2.0,11.0,2.0,4,0.18,2.0,0.0,0.0,2.0,0.0,0.0,Midfielder,Forward
Ryan Christie,SCO,Bournemouth,"28 years,  days",32.3,117,3.62,88.0,8.0,7.0,5.0,6.0,3.0,6,0.19,5.0,1.0,0.0,0.0,0.0,0.0,Midfielder,
Carney Chukwuemeka,ENG,Chelsea,"19 years,  days",2.5,9,3.57,7.0,0.0,1.0,1.0,0.0,0.0,4,1.59,2.0,0.0,1.0,1.0,0.0,0.0,Midfielder,Forward
Bobby Clark,ENG,Liverpool,"18 years,  days",1.0,1,1.01,0.0,0.0,0.0,1.0,0.0,0.0,0,0.0,0.0,0.0,0.0,0.0,0.0,0.0,Midfielder,
Jordan Clark,ENG,Luton Town,"29 years,  days",14.5,29,2.0,23.0,0.0,2.0,3.0,1.0,0.0,1,0.07,1.0,0.0,0.0,0.0,0.0,0.0,Midfielder,
Nathaniel Clyne,ENG,Crystal Palace,"32 years,  days",14.9,8,0.54,6.0,0.0,0.0,1.0,0.0,1.0,1,0.07,0.0,0.0,0.0,1.0,0.0,0.0,Defender,
Séamus Coleman,IRL,Everton,"34 years,  days",7.4,6,0.81,5.0,0.0,1.0,0.0,0.0,0.0,0,0.0,0.0,0.0,0.0,0.0,0.0,0.0,Defender,
Nathan Collins,IRL,Brentford,"22 years,  days",29.5,24,0.81,22.0,0.0,0.0,1.0,0.0,1.0,2,0.07,2.0,0.0,0.0,0.0,0.0,0.0,Defender,
Levi Colwill,ENG,Chelsea,"20 years,  days",20.0,27,1.35,21.0,1.0,1.0,4.0,0.0,0.0,3,0.15,3.0,0.0,0.0,0.0,0.0,0.0,Defender,
Lewis Cook,ENG,Bournemouth,"26 years,  days",31.0,77,2.49,48.0,22.0,2.0,2.0,0.0,3.0,4,0.13,3.0,0.0,0.0,0.0,0.0,1.0,Midfielder,
Jack Cork,ENG,Burnley,"34 years,  days",0.3,1,3.33,1.0,0.0,0.0,0.0,0.0,0.0,0,0.0,0.0,0.0,0.0,0.0,0.0,0.0,Midfielder,
Maxwel Cornet,CIV,West Ham,"26 years,  days",1.2,5,4.02,4.0,0.0,0.0,1.0,0.0,0.0,0,0.0,0.0,0.0,0.0,0.0,0.0,0.0,Midfielder,Forward
Vladimír Coufal,CZE,West Ham,"30 years,  days",34.8,77,2.21,50.0,18.0,3.0,2.0,3.0,1.0,12,0.34,12.0,0.0,0.0,0.0,0.0,0.0,Defender,
Philippe Coutinho,BRA,Aston Villa,"31 years,  days",0.3,2,7.2,1.0,0.0,1.0,0.0,0.0,0.0,0,0.0,0.0,0.0,0.0,0.0,0.0,0.0,Midfielder,Forward
Aaron Cresswell,ENG,West Ham,"33 years,  days",4.8,12,2.48,7.0,3.0,0.0,0.0,2.0,0.0,1,0.21,1.0,0.0,0.0,0.0,0.0,0.0,Defender,Forward
Marc Cucurella,ESP,Chelsea,"25 years,  days",19.8,35,1.77,28.0,1.0,1.0,1.0,4.0,0.0,3,0.15,2.0,0.0,0.0,0.0,1.0,0.0,Defender,
Josh Cullen,IRL,Burnley,"27 years,  days",22.9,66,2.89,56.0,6.0,0.0,1.0,2.0,1.0,8,0.35,6.0,2.0,0.0,0.0,0.0,0.0,Midfielder,
Matheus Cunha,BRA,Wolves,"24 years,  days",27.1,78,2.88,46.0,1.0,12.0,8.0,8.0,3.0,13,0.48,9.0,0.0,1.0,1.0,1.0,1.0,Forward,Midfielder
Sam Curtis,IRL,Sheffield Utd,"17 years,  days",0.3,0,0.0,0.0,0.0,0.0,0.0,0.0,0.0,0,0.0,0.0,0.0,0.0,0.0,0.0,0.0,Defender,
Mahmoud Dahoud,GER,Brighton,"27 years,  days",5.0,13,2.59,13.0,0.0,0.0,0.0,0.0,0.0,2,0.4,2.0,0.0,0.0,0.0,0.0,0.0,Midfielder,
Ameen Al-Dakhil,BEL,Burnley,"21 years,  days",11.7,8,0.68,5.0,0.0,1.0,2.0,0.0,0.0,1,0.09,1.0,0.0,0.0,0.0,0.0,0.0,Defender,
Diogo Dalot,POR,Manchester Utd,"24 years,  days",35.3,78,2.21,67.0,4.0,2.0,3.0,1.0,1.0,7,0.2,6.0,0.0,0.0,1.0,0.0,0.0,Defender,
Mikkel Damsgaard,DEN,Brentford,"23 years,  days",9.4,26,2.78,18.0,3.0,0.0,3.0,1.0,1.0,5,0.54,3.0,0.0,0.0,1.0,1.0,0.0,Midfielder,
Danilo,BRA,Nottingham Forest,"22 years,  days",19.9,48,2.41,34.0,5.0,4.0,4.0,1.0,0.0,4,0.2,4.0,0.0,0.0,0.0,0.0,0.0,Midfielder,
Arnaut Danjuma,NED,Everton,"26 years,  days",6.6,18,2.72,9.0,0.0,1.0,5.0,2.0,1.0,1,0.15,0.0,0.0,0.0,1.0,0.0,0.0,Midfielder,Forward
Jayden Danns,ENG,Liverpool,"17 years,  days",0.1,0,0.0,0.0,0.0,0.0,0.0,0.0,0.0,0,0.0,0.0,0.0,0.0,0.0,0.0,0.0,Forward,
Josh Dasilva,ENG,Brentford,"24 years,  days",0.3,1,3.75,1.0,0.0,0.0,0.0,0.0,0.0,0,0.0,0.0,0.0,0.0,0.0,0.0,0.0,Defender,Forward
David Datro Fofana,CIV,Burnley,"20 years,  days",9.8,18,1.84,8.0,0.0,4.0,4.0,1.0,1.0,2,0.2,0.0,0.0,2.0,0.0,0.0,0.0,Forward,
Ben Davies,WAL,Tottenham,"30 years,  days",12.1,15,1.24,14.0,0.0,0.0,0.0,1.0,0.0,2,0.17,1.0,0.0,0.0,0.0,1.0,0.0,Defender,
Tom Davies,ENG,Sheffield Utd,"25 years,  days",2.5,6,2.44,4.0,0.0,0.0,1.0,0.0,1.0,1,0.41,0.0,0.0,0.0,0.0,0.0,1.0,Midfielder,
Craig Dawson,ENG,Wolves,"33 years,  days",24.5,12,0.49,8.0,0.0,0.0,3.0,0.0,1.0,1,0.04,0.0,0.0,0.0,1.0,0.0,0.0,Defender,
Kevin De Bruyne,BEL,Manchester City,"32 years,  days",13.6,100,7.36,73.0,17.0,2.0,5.0,3.0,0.0,16,1.18,12.0,3.0,0.0,0.0,1.0,0.0,Midfielder,
Hannes Delcroix,BEL,Burnley,"24 years,  days",6.5,7,1.07,7.0,0.0,0.0,0.0,0.0,0.0,0,0.0,0.0,0.0,0.0,0.0,0.0,0.0,Defender,
Leander Dendoncker,BEL,Aston Villa,"28 years,  days",1.3,2,1.51,1.0,0.0,0.0,0.0,1.0,0.0,1,0.76,0.0,0.0,0.0,0.0,1.0,0.0,Midfielder,
Moussa Diaby,FRA,Aston Villa,"24 years,  days",24.2,80,3.31,64.0,1.0,6.0,7.0,2.0,0.0,10,0.41,9.0,0.0,1.0,0.0,0.0,0.0,Forward,Midfielder
Amad Diallo,CIV,Manchester Utd,"21 years,  days",4.3,20,4.62,16.0,0.0,3.0,1.0,0.0,0.0,0,0.0,0.0,0.0,0.0,0.0,0.0,0.0,Forward,Midfielder
Amadou Diallo,ENG,Newcastle Utd,"20 years,  days",0.0,0,0.0,0.0,0.0,0.0,0.0,0.0,0.0,0,0.0,0.0,0.0,0.0,0.0,0.0,0.0,Midfielder,
Rúben Dias,POR,Manchester City,"26 years,  days",28.4,35,1.23,28.0,0.0,0.0,5.0,0.0,2.0,4,0.14,2.0,0.0,0.0,1.0,0.0,1.0,Defender,
Luis Díaz,COL,Liverpool,"26 years,  days",29.2,163,5.58,121.0,1.0,17.0,15.0,8.0,1.0,9,0.31,9.0,0.0,0.0,0.0,0.0,0.0,Forward,
Eric Dier,ENG,Tottenham,"29 years,  days",2.2,2,0.9,2.0,0.0,0.0,0.0,0.0,0.0,0,0.0,0.0,0.0,0.0,0.0,0.0,0.0,Defender,
Lucas Digne,FRA,Aston Villa,"30 years,  days",26.8,74,2.76,48.0,19.0,0.0,3.0,3.0,1.0,4,0.15,4.0,0.0,0.0,0.0,0.0,0.0,Defender,
Issa Diop,FRA,Fulham,"26 years,  days",15.8,4,0.25,4.0,0.0,0.0,0.0,0.0,0.0,0,0.0,0.0,0.0,0.0,0.0,0.0,0.0,Defender,
Axel Disasi,FRA,Chelsea,"25 years,  days",28.7,13,0.45,13.0,0.0,0.0,0.0,0.0,0.0,0,0.0,0.0,0.0,0.0,0.0,0.0,0.0,Defender,
Ben Doak,SCO,Liverpool,"17 years,  days",0.2,0,0.0,0.0,0.0,0.0,0.0,0.0,0.0,0,0.0,0.0,0.0,0.0,0.0,0.0,0.0,Forward,
Lewis Dobbin,ENG,Everton,"20 years,  days",2.6,6,2.33,3.0,0.0,0.0,2.0,1.0,0.0,0,0.0,0.0,0.0,0.0,0.0,0.0,0.0,Midfielder,
Matt Doherty,IRL,Wolves,"31 years,  days",12.8,19,1.48,18.0,1.0,0.0,0.0,0.0,0.0,0,0.0,0.0,0.0,0.0,0.0,0.0,0.0,Defender,Midfielder
Jeremy Doku,BEL,Manchester City,"21 years,  days",17.7,111,6.26,82.0,1.0,17.0,6.0,5.0,0.0,15,0.85,10.0,0.0,2.0,1.0,2.0,0.0,Forward,Midfielder
Nicolás Domínguez,ARG,Nottingham Forest,"25 years,  days",16.6,35,2.11,33.0,0.0,0.0,2.0,0.0,0.0,2,0.12,2.0,0.0,0.0,0.0,0.0,0.0,Midfielder,Forward
Jamie Donley,ENG,Tottenham,"18 years,  days",0.0,0,0.0,0.0,0.0,0.0,0.0,0.0,0.0,0,0.0,0.0,0.0,0.0,0.0,0.0,0.0,Forward,
Abdoulaye Doucouré,MLI,Everton,"30 years,  days",29.2,67,2.29,59.0,0.0,0.0,6.0,1.0,1.0,5,0.17,3.0,0.0,0.0,2.0,0.0,0.0,Forward,Midfielder
Cheick Doucouré,MLI,Crystal Palace,"23 years,  days",10.2,23,2.25,19.0,0.0,1.0,2.0,0.0,1.0,3,0.29,3.0,0.0,0.0,0.0,0.0,0.0,Midfielder,
Alfie Doughty,ENG,Luton Town,"23 years,  days",32.5,115,3.54,57.0,47.0,4.0,6.0,1.0,0.0,16,0.49,8.0,5.0,1.0,2.0,0.0,0.0,Defender,
Tommy Doyle,ENG,Wolves,"21 years,  days",13.6,26,1.91,20.0,6.0,0.0,0.0,0.0,0.0,5,0.37,4.0,1.0,0.0,0.0,0.0,0.0,Midfielder,
Radu Drăgușin,ROU,Tottenham,"21 years,  days",4.8,1,0.21,1.0,0.0,0.0,0.0,0.0,0.0,0,0.0,0.0,0.0,0.0,0.0,0.0,0.0,Defender,
Martin Dúbravka,SVK,Newcastle Utd,"34 years,  days",22.1,0,0.0,0.0,0.0,0.0,0.0,0.0,0.0,0,0.0,0.0,0.0,0.0,0.0,0.0,0.0,Goalkeeper,
Paul Dummett,WAL,Newcastle Utd,"31 years,  days",0.2,0,0.0,0.0,0.0,0.0,0.0,0.0,0.0,0,0.0,0.0,0.0,0.0,0.0,0.0,0.0,Defender,
Lewis Dunk,ENG,Brighton,"31 years,  days",31.9,48,1.51,39.0,3.0,0.0,6.0,0.0,0.0,7,0.22,6.0,0.0,0.0,1.0,0.0,0.0,Defender,
Jáder Durán,COL,Aston Villa,"19 years,  days",5.3,12,2.27,8.0,0.0,1.0,1.0,1.0,1.0,4,0.76,1.0,0.0,1.0,0.0,1.0,1.0,Forward,Midfielder
George Earthy,ENG,West Ham,"18 years,  days",0.4,2,5.29,2.0,0.0,0.0,0.0,0.0,0.0,0,0.0,0.0,0.0,0.0,0.0,0.0,0.0,Forward,
Ederson,BRA,Manchester City,"29 years,  days",30.9,7,0.23,5.0,2.0,0.0,0.0,0.0,0.0,2,0.06,2.0,0.0,0.0,0.0,0.0,0.0,Goalkeeper,
Odsonne Édouard,FRA,Crystal Palace,"25 years,  days",17.3,45,2.6,29.0,0.0,7.0,7.0,1.0,1.0,2,0.12,2.0,0.0,0.0,0.0,0.0,0.0,Forward,Midfielder
John Egan,IRL,Sheffield Utd,"30 years,  days",5.4,1,0.19,0.0,0.0,0.0,1.0,0.0,0.0,0,0.0,0.0,0.0,0.0,0.0,0.0,0.0,Defender,
Hjalmar Ekdal,SWE,Burnley,"24 years,  days",4.9,2,0.41,2.0,0.0,0.0,0.0,0.0,0.0,0,0.0,0.0,0.0,0.0,0.0,0.0,0.0,Defender,
Anthony Elanga,SWE,Nottingham Forest,"21 years,  days",27.0,70,2.59,53.0,0.0,6.0,6.0,4.0,1.0,13,0.48,12.0,0.0,0.0,0.0,0.0,1.0,Forward,Midfielder
Harvey Elliott,ENG,Liverpool,"20 years,  days",15.0,78,5.19,61.0,9.0,2.0,3.0,1.0,2.0,10,0.67,6.0,1.0,1.0,0.0,1.0,1.0,Midfielder,Forward
Mohamed Elneny,EGY,Arsenal,"31 years,  days",0.3,1,3.21,1.0,0.0,0.0,0.0,0.0,0.0,0,0.0,0.0,0.0,0.0,0.0,0.0,0.0,Midfielder,
Emerson,BRA,Tottenham,"24 years,  days",12.9,21,1.63,15.0,2.0,0.0,1.0,2.0,1.0,3,0.23,1.0,2.0,0.0,0.0,0.0,0.0,Defender,
Julio Enciso,PAR,Brighton,"19 years,  days",5.3,23,4.34,15.0,0.0,5.0,3.0,0.0,0.0,2,0.38,2.0,0.0,0.0,0.0,0.0,0.0,Midfielder,Forward
Wataru Endo,JPN,Liverpool,"30 years,  days",19.1,54,2.82,43.0,0.0,2.0,4.0,2.0,3.0,3,0.16,3.0,0.0,0.0,0.0,0.0,0.0,Midfielder,
Christian Eriksen,DEN,Manchester Utd,"31 years,  days",12.7,46,3.63,36.0,8.0,0.0,0.0,0.0,2.0,3,0.24,2.0,0.0,0.0,0.0,0.0,1.0,Midfielder,
Maxime Estève,FRA,Burnley,"21 years,  days",14.5,8,0.55,6.0,0.0,0.0,0.0,2.0,0.0,1,0.07,1.0,0.0,0.0,0.0,0.0,0.0,Defender,
Pervis Estupiñán,ECU,Brighton,"25 years,  days",13.8,42,3.04,37.0,3.0,1.0,1.0,0.0,0.0,2,0.14,2.0,0.0,0.0,0.0,0.0,0.0,Defender,
Jonny Evans,NIR,Manchester Utd,"35 years,  days",15.5,11,0.71,11.0,0.0,0.0,0.0,0.0,0.0,2,0.13,2.0,0.0,0.0,0.0,0.0,0.0,Defender,
Eberechi Eze,ENG,Crystal Palace,"25 years,  days",22.8,110,4.82,54.0,27.0,11.0,7.0,10.0,1.0,11,0.48,8.0,0.0,1.0,0.0,2.0,0.0,Midfielder,Forward
Łukasz Fabiański,POL,West Ham,"38 years,  days",8.0,1,0.12,1.0,0.0,0.0,0.0,0.0,0.0,0,0.0,0.0,0.0,0.0,0.0,0.0,0.0,Goalkeeper,
Romain Faivre,FRA,Bournemouth,"25 years,  days",0.5,1,2.2,0.0,0.0,1.0,0.0,0.0,0.0,0,0.0,0.0,0.0,0.0,0.0,0.0,0.0,Midfielder,Forward
Ansu Fati,ESP,Brighton,"20 years,  days",5.8,23,3.96,16.0,0.0,1.0,5.0,0.0,1.0,3,0.52,2.0,0.0,0.0,1.0,0.0,0.0,Midfielder,Forward
Felipe,BRA,Nottingham Forest,"34 years,  days",4.2,4,0.97,2.0,0.0,0.0,1.0,0.0,1.0,0,0.0,0.0,0.0,0.0,0.0,0.0,0.0,Defender,
Evan Ferguson,IRL,Brighton,"18 years,  days",15.2,22,1.45,15.0,0.0,2.0,1.0,3.0,1.0,1,0.07,0.0,0.0,0.0,0.0,1.0,0.0,Forward,
Bruno Fernandes,POR,Manchester Utd,"28 years,  days",34.6,210,6.06,143.0,48.0,7.0,9.0,1.0,2.0,19,0.55,12.0,3.0,2.0,2.0,0.0,0.0,Midfielder,Forward
Enzo Fernández,ARG,Chelsea,"22 years,  days",24.5,82,3.34,69.0,5.0,0.0,3.0,5.0,0.0,7,0.29,5.0,1.0,0.0,0.0,1.0,0.0,Midfielder,
John Fleck,SCO,Sheffield Utd,"31 years,  days",1.0,4,3.91,4.0,0.0,0.0,0.0,0.0,0.0,0,0.0,0.0,0.0,0.0,0.0,0.0,0.0,Midfielder,Defender
Mark Flekken,NED,Brentford,"30 years,  days",36.5,10,0.27,3.0,7.0,0.0,0.0,0.0,0.0,3,0.08,1.0,2.0,0.0,0.0,0.0,0.0,Goalkeeper,
Phil Foden,ENG,Manchester City,"23 years,  days",31.7,144,4.54,111.0,9.0,9.0,6.0,8.0,1.0,21,0.66,16.0,1.0,1.0,0.0,3.0,0.0,Forward,Midfielder
Wes Foderingham,ENG,Sheffield Utd,"32 years,  days",29.4,4,0.14,4.0,0.0,0.0,0.0,0.0,0.0,0,0.0,0.0,0.0,0.0,0.0,0.0,0.0,Goalkeeper,
Pablo Fornals,ESP,West Ham,"27 years,  days",4.7,16,3.37,13.0,0.0,0.0,0.0,1.0,2.0,1,0.21,0.0,0.0,0.0,0.0,0.0,1.0,Midfielder,Forward
Omari Forson,ENG,Manchester Utd,"19 years,  days",0.8,0,0.0,0.0,0.0,0.0,0.0,0.0,0.0,0,0.0,0.0,0.0,0.0,0.0,0.0,0.0,Forward,
Lyle Foster,RSA,Burnley,"22 years,  days",21.1,41,1.95,35.0,0.0,2.0,3.0,1.0,0.0,4,0.19,4.0,0.0,0.0,0.0,0.0,0.0,Forward,Midfielder
Matheus França,BRA,Crystal Palace,"19 years,  days",2.6,8,3.1,4.0,3.0,0.0,0.0,1.0,0.0,2,0.78,1.0,0.0,0.0,0.0,1.0,0.0,Midfielder,Forward
Nathan Fraser,IRL,Wolves,"18 years,  days",2.1,6,2.92,5.0,0.0,0.0,1.0,0.0,0.0,0,0.0,0.0,0.0,0.0,0.0,0.0,0.0,Forward,
Cody Gakpo,NED,Liverpool,"24 years,  days",18.3,73,3.98,47.0,1.0,6.0,12.0,5.0,2.0,10,0.55,6.0,0.0,1.0,2.0,1.0,0.0,Forward,Midfielder
Conor Gallagher,ENG,Chelsea,"23 years,  days",34.8,109,3.14,78.0,15.0,5.0,4.0,1.0,6.0,14,0.4,7.0,5.0,0.0,1.0,0.0,1.0,Midfielder,
Idrissa Gana Gueye,SEN,Everton,"33 years,  days",20.9,52,2.48,37.0,0.0,0.0,5.0,4.0,6.0,4,0.19,4.0,0.0,0.0,0.0,0.0,0.0,Midfielder,
Alejandro Garnacho,ARG,Manchester Utd,"19 years,  days",28.5,119,4.17,80.0,0.0,13.0,13.0,12.0,1.0,15,0.53,10.0,0.0,1.0,1.0,2.0,1.0,Forward,
James Garner,ENG,Everton,"22 years,  days",33.4,98,2.94,58.0,22.0,3.0,6.0,4.0,5.0,8,0.24,3.0,1.0,0.0,1.0,1.0,2.0,Midfielder,
Saman Ghoddos,IRN,Brentford,"29 years,  days",8.2,20,2.44,10.0,5.0,1.0,0.0,3.0,1.0,0,0.0,0.0,0.0,0.0,0.0,0.0,0.0,Defender,
Morgan Gibbs-White,ENG,Nottingham Forest,"23 years,  days",35.1,149,4.25,86.0,38.0,9.0,7.0,8.0,1.0,18,0.51,14.0,3.0,0.0,1.0,0.0,0.0,Midfielder,Forward
Bryan Gil,ESP,Tottenham,"22 years,  days",2.3,9,3.88,8.0,0.0,0.0,1.0,0.0,0.0,1,0.43,1.0,0.0,0.0,0.0,0.0,0.0,Forward,Midfielder
Alfie Gilchrist,ENG,Chelsea,"19 years,  days",2.3,3,1.31,2.0,1.0,0.0,0.0,0.0,0.0,0,0.0,0.0,0.0,0.0,0.0,0.0,0.0,Defender,
Ryan Giles,ENG,Luton Town,"23 years,  days",5.6,12,2.15,8.0,3.0,1.0,0.0,0.0,0.0,0,0.0,0.0,0.0,0.0,0.0,0.0,0.0,Defender,Midfielder
Billy Gilmour,SCO,Brighton,"22 years,  days",23.6,69,2.93,59.0,5.0,0.0,2.0,3.0,0.0,6,0.25,5.0,0.0,0.0,1.0,0.0,0.0,Midfielder,
Ben Godfrey,ENG,Everton,"25 years,  days",12.4,17,1.37,9.0,1.0,0.0,5.0,0.0,2.0,3,0.24,1.0,0.0,0.0,1.0,0.0,1.0,Defender,
André Gomes,POR,Everton,"30 years,  days",5.6,18,3.18,13.0,0.0,1.0,2.0,1.0,1.0,1,0.18,1.0,0.0,0.0,0.0,0.0,0.0,Midfielder,Forward
João Gomes,BRA,Wolves,"22 years,  days",29.4,65,2.21,48.0,4.0,2.0,4.0,2.0,5.0,4,0.14,3.0,0.0,0.0,1.0,0.0,0.0,Midfielder,
Toti Gomes,POR,Wolves,"24 years,  days",30.8,21,0.68,16.0,1.0,1.0,3.0,0.0,0.0,4,0.13,3.0,0.0,0.0,1.0,0.0,0.0,Defender,
Joe Gomez,ENG,Liverpool,"26 years,  days",19.8,51,2.57,43.0,0.0,1.0,4.0,3.0,0.0,5,0.25,4.0,0.0,0.0,1.0,0.0,0.0,Defender,
Sergio Gómez,ESP,Manchester City,"22 years,  days",0.6,2,3.33,1.0,0.0,1.0,0.0,0.0,0.0,2,3.33,1.0,0.0,1.0,0.0,0.0,0.0,Forward,Midfielder
Enso Gonzalez,PAR,Wolves,"18 years,  days",0.0,1,90.0,1.0,0.0,0.0,0.0,0.0,0.0,0,0.0,0.0,0.0,0.0,0.0,0.0,0.0,Midfielder,Defender
Anthony Gordon,ENG,Newcastle Utd,"22 years,  days",32.1,143,4.45,86.0,18.0,13.0,11.0,13.0,2.0,29,0.9,13.0,2.0,5.0,4.0,5.0,0.0,Forward,
Kaide Gordon,ENG,Liverpool,"18 years,  days",0.0,0,0.0,0.0,0.0,0.0,0.0,0.0,0.0,0,0.0,0.0,0.0,0.0,0.0,0.0,0.0,Forward,
Daniel Gore,ENG,Manchester Utd,"18 years,  days",0.0,0,0.0,0.0,0.0,0.0,0.0,0.0,0.0,0,0.0,0.0,0.0,0.0,0.0,0.0,0.0,Midfielder,
Ryan Gravenberch,NED,Liverpool,"21 years,  days",12.5,44,3.54,36.0,0.0,2.0,6.0,0.0,0.0,0,0.0,0.0,0.0,0.0,0.0,0.0,0.0,Midfielder,
Ivo Grbić,CRO,Sheffield Utd,"27 years,  days",8.6,2,0.23,1.0,1.0,0.0,0.0,0.0,0.0,0,0.0,0.0,0.0,0.0,0.0,0.0,0.0,Goalkeeper,
Jack Grealish,ENG,Manchester City,"27 years,  days",11.2,54,4.82,46.0,0.0,1.0,2.0,5.0,0.0,4,0.36,4.0,0.0,0.0,0.0,0.0,0.0,Forward,Midfielder
Pascal Groß,GER,Brighton,"32 years,  days",34.6,185,5.35,114.0,54.0,5.0,9.0,2.0,1.0,16,0.46,9.0,2.0,4.0,1.0,0.0,0.0,Midfielder,Defender
Marc Guéhi,ENG,Crystal Palace,"23 years,  days",22.5,22,0.98,17.0,0.0,0.0,2.0,2.0,1.0,2,0.09,2.0,0.0,0.0,0.0,0.0,0.0,Defender,
Bruno Guimarães,BRA,Newcastle Utd,"25 years,  days",36.3,143,3.94,110.0,8.0,10.0,3.0,6.0,6.0,19,0.52,12.0,0.0,4.0,2.0,1.0,0.0,Midfielder,
Malo Gusto,FRA,Chelsea,"20 years,  days",19.5,52,2.67,47.0,2.0,1.0,0.0,0.0,2.0,7,0.36,7.0,0.0,0.0,0.0,0.0,0.0,Defender,
Joško Gvardiol,CRO,Manchester City,"21 years,  days",25.9,54,2.09,40.0,1.0,5.0,2.0,4.0,2.0,7,0.27,6.0,0.0,0.0,0.0,1.0,0.0,Defender,
Erling Haaland,NOR,Manchester City,"23 years,  days",28.4,59,2.08,39.0,0.0,3.0,10.0,6.0,1.0,11,0.39,5.0,0.0,1.0,3.0,2.0,0.0,Forward,
Antwoine Hackford,ENG,Sheffield Utd,"19 years,  days",0.1,0,0.0,0.0,0.0,0.0,0.0,0.0,0.0,0,0.0,0.0,0.0,0.0,0.0,0.0,0.0,Forward,
Lewis Hall,ENG,Newcastle Utd,"18 years,  days",8.7,20,2.3,14.0,1.0,3.0,1.0,1.0,0.0,3,0.35,3.0,0.0,0.0,0.0,0.0,0.0,Defender,
Gustavo Hamer,NED,Sheffield Utd,"26 years,  days",32.3,116,3.59,73.0,22.0,10.0,7.0,4.0,0.0,12,0.37,9.0,1.0,2.0,0.0,0.0,0.0,Midfielder,
Luke Harris,WAL,Fulham,"18 years,  days",0.8,0,0.0,0.0,0.0,0.0,0.0,0.0,0.0,0,0.0,0.0,0.0,0.0,0.0,0.0,0.0,Midfielder,
Jack Harrison,ENG,Everton,"26 years,  days",24.6,66,2.68,46.0,2.0,3.0,7.0,6.0,2.0,7,0.28,5.0,0.0,0.0,1.0,1.0,0.0,Midfielder,Forward
Daiki Hashioka,JPN,Luton Town,"24 years,  days",6.6,8,1.21,8.0,0.0,0.0,0.0,0.0,0.0,0,0.0,0.0,0.0,0.0,0.0,0.0,0.0,Defender,
Kai Havertz,GER,Arsenal,"24 years,  days",29.3,106,3.62,87.0,0.0,3.0,8.0,6.0,2.0,22,0.75,16.0,0.0,2.0,2.0,2.0,0.0,Midfielder,Forward
Jan Paul van Hecke,NED,Brighton,"23 years,  days",26.3,37,1.41,35.0,0.0,0.0,1.0,0.0,1.0,3,0.11,3.0,0.0,0.0,0.0,0.0,0.0,Defender,
Hwang Hee-chan,KOR,Wolves,"27 years,  days",23.5,48,2.04,29.0,0.0,8.0,6.0,4.0,1.0,9,0.38,4.0,0.0,3.0,1.0,1.0,0.0,Forward,Midfielder
Dean Henderson,ENG,Crystal Palace,"26 years,  days",18.0,1,0.06,1.0,0.0,0.0,0.0,0.0,0.0,1,0.06,1.0,0.0,0.0,0.0,0.0,0.0,Goalkeeper,
Rico Henry,ENG,Brentford,"26 years,  days",4.5,13,2.92,10.0,0.0,3.0,0.0,0.0,0.0,3,0.67,2.0,0.0,1.0,0.0,0.0,0.0,Defender,
Son Heung-min,KOR,Tottenham,"31 years,  days",32.6,129,3.96,108.0,0.0,11.0,6.0,3.0,1.0,17,0.52,13.0,0.0,3.0,0.0,1.0,0.0,Forward,
Aaron Hickey,SCO,Brentford,"21 years,  days",7.9,7,0.88,6.0,0.0,0.0,0.0,1.0,0.0,0,0.0,0.0,0.0,0.0,0.0,0.0,0.0,Defender,
James Hill,ENG,Bournemouth,"21 years,  days",0.8,1,1.18,1.0,0.0,0.0,0.0,0.0,0.0,0,0.0,0.0,0.0,0.0,0.0,0.0,0.0,Defender,
Jack Hinshelwood,ENG,Brighton,"18 years,  days",9.7,14,1.45,11.0,0.0,0.0,3.0,0.0,0.0,0,0.0,0.0,0.0,0.0,0.0,0.0,0.0,Defender,
Mason Holgate,ENG,Sheffield Utd,"26 years,  days",7.9,4,0.51,2.0,1.0,0.0,1.0,0.0,0.0,0,0.0,0.0,0.0,0.0,0.0,0.0,0.0,Defender,
Callum Hudson-Odoi,ENG,Nottingham Forest,"22 years,  days",20.6,82,3.98,63.0,4.0,8.0,4.0,2.0,1.0,6,0.29,4.0,0.0,1.0,0.0,1.0,0.0,Forward,Midfielder
Will Hughes,ENG,Crystal Palace,"28 years,  days",21.0,48,2.29,34.0,9.0,1.0,0.0,2.0,2.0,5,0.24,5.0,0.0,0.0,0.0,0.0,0.0,Midfielder,
Pierre Højbjerg,DEN,Tottenham,"27 years,  days",14.6,39,2.68,36.0,0.0,2.0,1.0,0.0,0.0,2,0.14,2.0,0.0,0.0,0.0,0.0,0.0,Midfielder,
Rasmus Højlund,DEN,Manchester Utd,"20 years,  days",24.0,58,2.42,43.0,0.0,5.0,4.0,3.0,3.0,4,0.17,2.0,0.0,2.0,0.0,0.0,0.0,Forward,
Igor,BRA,Brighton,"25 years,  days",18.2,25,1.38,21.0,2.0,1.0,0.0,0.0,1.0,2,0.11,2.0,0.0,0.0,0.0,0.0,0.0,Defender,
Danny Ings,ENG,West Ham,"31 years,  days",4.5,17,3.79,8.0,0.0,3.0,4.0,1.0,1.0,3,0.67,0.0,0.0,1.0,1.0,1.0,0.0,Forward,
Tim Iroegbunam,ENG,Aston Villa,"20 years,  days",1.8,0,0.0,0.0,0.0,0.0,0.0,0.0,0.0,0,0.0,0.0,0.0,0.0,0.0,0.0,0.0,Midfielder,
Alexander Isak,SWE,Newcastle Utd,"23 years,  days",25.1,72,2.87,45.0,0.0,12.0,11.0,4.0,0.0,10,0.4,4.0,0.0,3.0,2.0,1.0,0.0,Forward,
Alex Iwobi,NGA,Everton,"27 years,  days",1.6,12,7.77,6.0,1.0,2.0,3.0,0.0,0.0,0,0.0,0.0,0.0,0.0,0.0,0.0,0.0,Midfielder,
Alex Iwobi,NGA,Fulham,"27 years,  days",24.4,103,4.23,87.0,0.0,6.0,9.0,0.0,1.0,10,0.41,8.0,0.0,0.0,2.0,0.0,0.0,Forward,Midfielder
Nicolas Jackson,SEN,Chelsea,"22 years,  days",31.1,95,3.05,60.0,1.0,18.0,8.0,6.0,2.0,11,0.35,7.0,0.0,2.0,2.0,0.0,0.0,Forward,
Reece James,ENG,Chelsea,"23 years,  days",4.7,15,3.22,13.0,1.0,0.0,1.0,0.0,0.0,3,0.64,2.0,0.0,0.0,1.0,0.0,0.0,Defender,
Vitaly Janelt,GER,Brentford,"25 years,  days",33.9,80,2.36,69.0,2.0,1.0,3.0,3.0,2.0,4,0.12,3.0,0.0,0.0,0.0,1.0,0.0,Midfielder,Defender
Daniel Jebbison,ENG,Sheffield Utd,"19 years,  days",0.2,0,0.0,0.0,0.0,0.0,0.0,0.0,0.0,0,0.0,0.0,0.0,0.0,0.0,0.0,0.0,Forward,
Mathias Jensen,DEN,Brentford,"27 years,  days",24.5,87,3.55,48.0,35.0,0.0,0.0,3.0,1.0,8,0.33,5.0,2.0,0.0,0.0,1.0,0.0,Midfielder,
Gabriel Jesus,BRA,Arsenal,"26 years,  days",16.4,59,3.59,37.0,1.0,9.0,5.0,3.0,4.0,8,0.49,4.0,1.0,1.0,1.0,1.0,0.0,Forward,
Raúl Jiménez,MEX,Fulham,"32 years,  days",15.5,27,1.74,15.0,0.0,4.0,6.0,1.0,1.0,3,0.19,0.0,0.0,1.0,2.0,0.0,0.0,Forward,
João Pedro,BRA,Brighton,"21 years,  days",22.7,91,4.01,64.0,0.0,7.0,10.0,9.0,1.0,11,0.48,5.0,0.0,2.0,2.0,2.0,0.0,Forward,Midfielder
Joelinton,BRA,Newcastle Utd,"26 years,  days",14.2,47,3.3,37.0,0.0,6.0,4.0,0.0,0.0,3,0.21,2.0,0.0,0.0,1.0,0.0,0.0,Midfielder,Forward
Ben Johnson,ENG,West Ham,"23 years,  days",6.0,9,1.49,7.0,0.0,0.0,0.0,2.0,0.0,1,0.17,1.0,0.0,0.0,0.0,0.0,0.0,Defender,Forward
Brennan Johnson,WAL,Tottenham,"22 years,  days",23.2,70,3.02,55.0,0.0,4.0,6.0,3.0,2.0,13,0.56,11.0,0.0,0.0,1.0,0.0,1.0,Forward,
Brennan Johnson,WAL,Nottingham Forest,"22 years,  days",2.6,7,2.66,3.0,0.0,2.0,1.0,1.0,0.0,3,1.14,1.0,0.0,1.0,0.0,1.0,0.0,Forward,Midfielder
Joseph Johnson,ENG,Luton Town,"17 years,  days",0.9,0,0.0,0.0,0.0,0.0,0.0,0.0,0.0,0,0.0,0.0,0.0,0.0,0.0,0.0,0.0,Defender,
Sam Johnstone,ENG,Crystal Palace,"30 years,  days",20.0,2,0.1,1.0,1.0,0.0,0.0,0.0,0.0,1,0.05,0.0,1.0,0.0,0.0,0.0,0.0,Goalkeeper,
Curtis Jones,ENG,Liverpool,"22 years,  days",13.0,36,2.78,28.0,0.0,3.0,3.0,1.0,1.0,3,0.23,3.0,0.0,0.0,0.0,0.0,0.0,Midfielder,
Jorginho,ITA,Arsenal,"31 years,  days",10.2,27,2.64,25.0,0.0,0.0,1.0,0.0,1.0,5,0.49,5.0,0.0,0.0,0.0,0.0,0.0,Midfielder,
Diogo Jota,POR,Liverpool,"26 years,  days",12.7,48,3.77,36.0,0.0,5.0,3.0,4.0,0.0,14,1.1,7.0,0.0,4.0,1.0,2.0,0.0,Forward,
Mads Juel Andersen,DEN,Luton Town,"25 years,  days",4.4,0,0.0,0.0,0.0,0.0,0.0,0.0,0.0,0,0.0,0.0,0.0,0.0,0.0,0.0,0.0,Defender,
Hamed Junior Traorè,CIV,Bournemouth,"23 years,  days",0.5,4,7.66,1.0,0.0,2.0,1.0,0.0,0.0,0,0.0,0.0,0.0,0.0,0.0,0.0,0.0,Midfielder,
Mathias Jørgensen,DEN,Brentford,"33 years,  days",12.1,12,0.99,11.0,0.0,0.0,1.0,0.0,0.0,0,0.0,0.0,0.0,0.0,0.0,0.0,0.0,Defender,
Issa Kaboré,BFA,Luton Town,"22 years,  days",19.2,32,1.67,25.0,0.0,2.0,2.0,1.0,2.0,4,0.21,3.0,0.0,0.0,1.0,0.0,0.0,Defender,
Sasa Kalajdzic,AUT,Wolves,"26 years,  days",1.8,5,2.71,5.0,0.0,0.0,0.0,0.0,0.0,0,0.0,0.0,0.0,0.0,0.0,0.0,0.0,Forward,
Boubacar Kamara,FRA,Aston Villa,"23 years,  days",18.4,38,2.07,33.0,0.0,0.0,2.0,1.0,2.0,3,0.16,3.0,0.0,0.0,0.0,0.0,0.0,Midfielder,
Willy Kambwala,FRA,Manchester Utd,"18 years,  days",3.7,0,0.0,0.0,0.0,0.0,0.0,0.0,0.0,0,0.0,0.0,0.0,0.0,0.0,0.0,0.0,Defender,
Thomas Kaminski,BEL,Luton Town,"30 years,  days",37.8,3,0.08,2.0,1.0,0.0,0.0,0.0,0.0,0,0.0,0.0,0.0,0.0,0.0,0.0,0.0,Goalkeeper,
Loris Karius,GER,Newcastle Utd,"30 years,  days",1.0,0,0.0,0.0,0.0,0.0,0.0,0.0,0.0,0,0.0,0.0,0.0,0.0,0.0,0.0,0.0,Goalkeeper,
Michael Keane,ENG,Everton,"30 years,  days",4.9,4,0.82,3.0,0.0,0.0,1.0,0.0,0.0,1,0.21,0.0,0.0,0.0,1.0,0.0,0.0,Defender,
Thilo Kehrer,GER,West Ham,"26 years,  days",0.2,0,0.0,0.0,0.0,0.0,0.0,0.0,0.0,0,0.0,0.0,0.0,0.0,0.0,0.0,0.0,Defender,Midfielder
Caoimhín Kelleher,IRL,Liverpool,"24 years,  days",10.0,2,0.2,2.0,0.0,0.0,0.0,0.0,0.0,0,0.0,0.0,0.0,0.0,0.0,0.0,0.0,Goalkeeper,
Lloyd Kelly,ENG,Bournemouth,"24 years,  days",17.3,29,1.67,24.0,2.0,1.0,0.0,1.0,1.0,3,0.17,3.0,0.0,0.0,0.0,0.0,0.0,Defender,
Omari Kellyman,ENG,Aston Villa,"17 years,  days",0.4,0,0.0,0.0,0.0,0.0,0.0,0.0,0.0,0,0.0,0.0,0.0,0.0,0.0,0.0,0.0,Forward,
Milos Kerkez,HUN,Bournemouth,"19 years,  days",21.9,32,1.46,25.0,0.0,0.0,4.0,2.0,1.0,4,0.18,2.0,0.0,0.0,0.0,1.0,1.0,Defender,
Kaine Kesler-Hayden,ENG,Aston Villa,"20 years,  days",0.1,0,0.0,0.0,0.0,0.0,0.0,0.0,0.0,0,0.0,0.0,0.0,0.0,0.0,0.0,0.0,Midfielder,Defender
Max Kilman,ENG,Wolves,"26 years,  days",38.0,39,1.03,34.0,0.0,2.0,2.0,0.0,1.0,0,0.0,0.0,0.0,0.0,0.0,0.0,0.0,Defender,
Jakub Kiwior,POL,Arsenal,"23 years,  days",10.5,13,1.24,10.0,2.0,0.0,0.0,1.0,0.0,4,0.38,3.0,1.0,0.0,0.0,0.0,0.0,Defender,
Justin Kluivert,NED,Bournemouth,"24 years,  days",21.3,59,2.77,37.0,0.0,9.0,6.0,4.0,3.0,5,0.23,3.0,0.0,1.0,0.0,0.0,1.0,Midfielder,Forward
Luca Koleosho,ITA,Burnley,"18 years,  days",10.8,28,2.59,12.0,0.0,11.0,2.0,3.0,0.0,6,0.56,2.0,0.0,3.0,0.0,1.0,0.0,Midfielder,Forward
Ibrahima Konaté,FRA,Liverpool,"24 years,  days",17.5,24,1.37,24.0,0.0,0.0,0.0,0.0,0.0,1,0.06,1.0,0.0,0.0,0.0,0.0,0.0,Defender,
Ezri Konsa,ENG,Aston Villa,"25 years,  days",34.1,34,1.0,25.0,1.0,2.0,2.0,3.0,1.0,6,0.18,3.0,1.0,0.0,0.0,1.0,1.0,Defender,
Cheikhou Kouyaté,SEN,Nottingham Forest,"33 years,  days",2.4,8,3.4,5.0,0.0,0.0,2.0,0.0,1.0,1,0.42,1.0,0.0,0.0,0.0,0.0,0.0,Midfielder,
Mateo Kovačić,CRO,Manchester City,"29 years,  days",17.2,54,3.14,47.0,0.0,2.0,4.0,1.0,0.0,6,0.35,5.0,0.0,0.0,1.0,0.0,0.0,Midfielder,
Emil Krafth,SWE,Newcastle Utd,"28 years,  days",10.1,18,1.77,13.0,3.0,1.0,0.0,1.0,0.0,1,0.1,1.0,0.0,0.0,0.0,0.0,0.0,Defender,
Mohammed Kudus,GHA,West Ham,"22 years,  days",27.6,100,3.62,53.0,1.0,25.0,8.0,12.0,1.0,16,0.58,8.0,0.0,3.0,3.0,2.0,0.0,Forward,Midfielder
Dejan Kulusevski,SWE,Tottenham,"23 years,  days",30.7,127,4.14,104.0,1.0,9.0,11.0,0.0,2.0,8,0.26,6.0,0.0,1.0,0.0,0.0,1.0,Forward,Midfielder
Adam Lallana,ENG,Brighton,"35 years,  days",9.4,28,2.96,27.0,0.0,0.0,0.0,1.0,0.0,1,0.11,1.0,0.0,0.0,0.0,0.0,0.0,Midfielder,Forward
Tariq Lamptey,GHA,Brighton,"22 years,  days",10.2,17,1.68,15.0,0.0,1.0,1.0,0.0,0.0,3,0.3,3.0,0.0,0.0,0.0,0.0,0.0,Defender,Forward
Aymeric Laporte,ESP,Manchester City,"29 years,  days",0.1,0,0.0,0.0,0.0,0.0,0.0,0.0,0.0,0,0.0,0.0,0.0,0.0,0.0,0.0,0.0,Defender,
Yasser Larouci,ALG,Sheffield Utd,"22 years,  days",5.9,8,1.36,5.0,1.0,1.0,1.0,0.0,0.0,0,0.0,0.0,0.0,0.0,0.0,0.0,0.0,Defender,
Jamaal Lascelles,ENG,Newcastle Utd,"29 years,  days",12.0,8,0.67,7.0,0.0,0.0,0.0,1.0,0.0,0,0.0,0.0,0.0,0.0,0.0,0.0,0.0,Defender,
Roméo Lavia,BEL,Chelsea,"19 years,  days",0.4,0,0.0,0.0,0.0,0.0,0.0,0.0,0.0,0,0.0,0.0,0.0,0.0,0.0,0.0,0.0,Midfielder,
Mario Lemina,GAB,Wolves,"29 years,  days",33.0,47,1.42,42.0,0.0,0.0,4.0,1.0,0.0,5,0.15,4.0,0.0,0.0,0.0,1.0,0.0,Midfielder,
Clément Lenglet,FRA,Aston Villa,"28 years,  days",12.8,15,1.17,11.0,1.0,0.0,3.0,0.0,0.0,1,0.08,1.0,0.0,0.0,0.0,0.0,0.0,Defender,
Bernd Leno,GER,Fulham,"31 years,  days",38.0,1,0.03,1.0,0.0,0.0,0.0,0.0,0.0,0,0.0,0.0,0.0,0.0,0.0,0.0,0.0,Goalkeeper,
Jefferson Lerma,COL,Crystal Palace,"28 years,  days",26.7,55,2.06,49.0,0.0,1.0,3.0,1.0,1.0,4,0.15,4.0,0.0,0.0,0.0,0.0,0.0,Midfielder,Defender
Rico Lewis,ENG,Manchester City,"18 years,  days",9.0,15,1.67,15.0,0.0,0.0,0.0,0.0,0.0,0,0.0,0.0,0.0,0.0,0.0,0.0,0.0,Defender,Midfielder
Keane Lewis-Potter,ENG,Brentford,"22 years,  days",16.0,33,2.06,21.0,0.0,6.0,4.0,2.0,0.0,2,0.12,1.0,0.0,0.0,1.0,0.0,0.0,Forward,Defender
Victor Lindelöf,SWE,Manchester Utd,"29 years,  days",14.8,19,1.29,19.0,0.0,0.0,0.0,0.0,0.0,3,0.2,3.0,0.0,0.0,0.0,0.0,0.0,Defender,
Valentino Livramento,ENG,Newcastle Utd,"20 years,  days",14.6,36,2.47,28.0,0.0,2.0,1.0,3.0,2.0,5,0.34,3.0,0.0,1.0,0.0,1.0,0.0,Defender,
Giovani Lo Celso,ARG,Tottenham,"27 years,  days",5.6,28,4.96,22.0,2.0,1.0,2.0,1.0,0.0,3,0.53,3.0,0.0,0.0,0.0,0.0,0.0,Midfielder,
Tom Lockyer,WAL,Luton Town,"28 years,  days",13.0,10,0.77,9.0,0.0,0.0,0.0,0.0,1.0,1,0.08,1.0,0.0,0.0,0.0,0.0,0.0,Defender,
Sean Longstaff,ENG,Newcastle Utd,"25 years,  days",30.5,51,1.67,43.0,1.0,1.0,3.0,3.0,0.0,7,0.23,3.0,1.0,1.0,1.0,1.0,0.0,Midfielder,
Max Lowe,ENG,Sheffield Utd,"26 years,  days",5.6,8,1.43,7.0,0.0,0.0,1.0,0.0,0.0,1,0.18,1.0,0.0,0.0,0.0,0.0,0.0,Defender,Midfielder
Douglas Luiz,BRA,Aston Villa,"25 years,  days",33.3,117,3.52,61.0,34.0,6.0,10.0,5.0,1.0,10,0.3,5.0,4.0,0.0,0.0,1.0,0.0,Midfielder,
Saša Lukić,SRB,Fulham,"26 years,  days",12.5,27,2.17,19.0,0.0,1.0,6.0,0.0,1.0,0,0.0,0.0,0.0,0.0,0.0,0.0,0.0,Midfielder,
Ian Maatsen,NED,Chelsea,"21 years,  days",2.3,5,2.15,3.0,1.0,0.0,1.0,0.0,0.0,0,0.0,0.0,0.0,0.0,0.0,0.0,0.0,Forward,Midfielder
Alexis Mac Allister,ARG,Liverpool,"24 years,  days",28.9,108,3.74,92.0,5.0,3.0,1.0,5.0,2.0,12,0.42,10.0,1.0,1.0,0.0,0.0,0.0,Midfielder,
James Maddison,ENG,Tottenham,"26 years,  days",23.7,161,6.79,110.0,22.0,10.0,6.0,10.0,3.0,19,0.8,13.0,1.0,2.0,1.0,1.0,1.0,Midfielder,
Noni Madueke,ENG,Chelsea,"21 years,  days",11.7,51,4.35,34.0,1.0,8.0,2.0,6.0,0.0,8,0.68,4.0,0.0,1.0,0.0,3.0,0.0,Forward,
Gabriel Magalhães,BRA,Arsenal,"25 years,  days",33.8,23,0.68,20.0,1.0,0.0,1.0,0.0,1.0,3,0.09,3.0,0.0,0.0,0.0,0.0,0.0,Defender,
Harry Maguire,ENG,Manchester Utd,"30 years,  days",18.4,24,1.31,19.0,0.0,0.0,1.0,1.0,3.0,4,0.22,2.0,0.0,0.0,1.0,1.0,0.0,Defender,
Kobbie Mainoo,ENG,Manchester Utd,"18 years,  days",21.4,40,1.87,31.0,0.0,3.0,3.0,2.0,1.0,8,0.37,3.0,0.0,2.0,2.0,1.0,0.0,Midfielder,
Orel Mangala,BEL,Nottingham Forest,"25 years,  days",17.4,20,1.15,17.0,0.0,0.0,0.0,1.0,2.0,2,0.12,1.0,0.0,0.0,0.0,0.0,1.0,Midfielder,
Benson Manuel,ANG,Burnley,"26 years,  days",1.3,6,4.7,3.0,0.0,2.0,0.0,1.0,0.0,0,0.0,0.0,0.0,0.0,0.0,0.0,0.0,Midfielder,Forward
Solly March,ENG,Brighton,"29 years,  days",6.2,22,3.57,8.0,8.0,2.0,1.0,2.0,1.0,2,0.32,0.0,1.0,0.0,0.0,1.0,0.0,Forward,Defender
Anthony Martial,FRA,Manchester Utd,"27 years,  days",5.0,11,2.21,9.0,0.0,0.0,1.0,1.0,0.0,1,0.2,0.0,0.0,0.0,0.0,1.0,0.0,Forward,
Gabriel Martinelli,BRA,Arsenal,"22 years,  days",22.4,92,4.1,63.0,6.0,12.0,8.0,1.0,2.0,11,0.49,7.0,1.0,1.0,2.0,0.0,0.0,Forward,
Emiliano Martínez,ARG,Aston Villa,"30 years,  days",33.5,3,0.09,3.0,0.0,0.0,0.0,0.0,0.0,1,0.03,1.0,0.0,0.0,0.0,0.0,0.0,Goalkeeper,
Lisandro Martínez,ARG,Manchester Utd,"25 years,  days",7.2,7,0.98,6.0,0.0,0.0,0.0,0.0,1.0,1,0.14,1.0,0.0,0.0,0.0,0.0,0.0,Defender,
Han-Noah Massengo,FRA,Burnley,"22 years,  days",0.2,0,0.0,0.0,0.0,0.0,0.0,0.0,0.0,0,0.0,0.0,0.0,0.0,0.0,0.0,0.0,Midfielder,Defender
Pape Matar Sarr,SEN,Tottenham,"20 years,  days",23.0,52,2.26,43.0,0.0,0.0,3.0,2.0,4.0,7,0.3,6.0,0.0,0.0,1.0,0.0,0.0,Midfielder,
Jean-Philippe Mateta,FRA,Crystal Palace,"26 years,  days",25.4,65,2.56,48.0,0.0,5.0,6.0,4.0,2.0,12,0.47,8.0,0.0,1.0,1.0,2.0,0.0,Forward,
Joël Matip,CMR,Liverpool,"31 years,  days",8.7,8,0.92,8.0,0.0,0.0,0.0,0.0,0.0,1,0.12,1.0,0.0,0.0,0.0,0.0,0.0,Defender,
Alex Matos,ENG,Chelsea,"18 years,  days",0.0,0,0.0,0.0,0.0,0.0,0.0,0.0,0.0,0,0.0,0.0,0.0,0.0,0.0,0.0,0.0,Midfielder,
Remi Matthews,ENG,Crystal Palace,"29 years,  days",0.0,0,0.0,0.0,0.0,0.0,0.0,0.0,0.0,0,0.0,0.0,0.0,0.0,0.0,0.0,0.0,Goalkeeper,
Neal Maupay,FRA,Brentford,"26 years,  days",14.7,40,2.72,31.0,0.0,2.0,6.0,0.0,1.0,5,0.34,5.0,0.0,0.0,0.0,0.0,0.0,Forward,
Neal Maupay,FRA,Everton,"26 years,  days",1.2,3,2.41,3.0,0.0,0.0,0.0,0.0,0.0,0,0.0,0.0,0.0,0.0,0.0,0.0,0.0,Forward,
Konstantinos Mavropanos,GRE,West Ham,"25 years,  days",16.7,10,0.6,7.0,0.0,0.0,1.0,0.0,2.0,0,0.0,0.0,0.0,0.0,0.0,0.0,0.0,Defender,
Bryan Mbeumo,CMR,Brentford,"23 years,  days",21.8,82,3.77,45.0,23.0,2.0,5.0,7.0,0.0,10,0.46,9.0,1.0,0.0,0.0,0.0,0.0,Forward,
James Mcatee,ENG,Sheffield Utd,"20 years,  days",20.2,60,2.97,45.0,4.0,5.0,4.0,2.0,0.0,3,0.15,3.0,0.0,0.0,0.0,0.0,0.0,Midfielder,Forward
James Mcatee,ENG,Manchester City,"20 years,  days",0.0,0,0.0,0.0,0.0,0.0,0.0,0.0,0.0,0,0.0,0.0,0.0,0.0,0.0,0.0,0.0,Midfielder,
Oliver McBurnie,SCO,Sheffield Utd,"27 years,  days",14.2,29,2.04,24.0,0.0,0.0,2.0,3.0,0.0,7,0.49,6.0,0.0,0.0,0.0,1.0,0.0,Forward,
James McConnell,ENG,Liverpool,"18 years,  days",0.0,0,0.0,0.0,0.0,0.0,0.0,0.0,0.0,0,0.0,0.0,0.0,0.0,0.0,0.0,0.0,Midfielder,
John McGinn,SCO,Aston Villa,"28 years,  days",33.3,106,3.18,88.0,9.0,6.0,2.0,1.0,0.0,14,0.42,11.0,1.0,2.0,0.0,0.0,0.0,Midfielder,Forward
Scott McKenna,SCO,Nottingham Forest,"26 years,  days",4.6,2,0.43,2.0,0.0,0.0,0.0,0.0,0.0,0,0.0,0.0,0.0,0.0,0.0,0.0,0.0,Defender,
Dwight McNeil,ENG,Everton,"23 years,  days",32.1,130,4.05,77.0,33.0,5.0,6.0,6.0,3.0,9,0.28,3.0,4.0,0.0,1.0,1.0,0.0,Midfielder,Forward
Scott McTominay,SCO,Manchester Utd,"26 years,  days",21.1,26,1.23,18.0,0.0,1.0,4.0,1.0,2.0,2,0.09,1.0,0.0,0.0,0.0,0.0,1.0,Midfielder,Forward
Ben Mee,ENG,Brentford,"33 years,  days",14.1,14,0.99,11.0,1.0,0.0,2.0,0.0,0.0,1,0.07,0.0,0.0,0.0,1.0,0.0,0.0,Defender,
Hannibal Mejbri,TUN,Manchester Utd,"20 years,  days",1.5,6,4.06,5.0,0.0,0.0,0.0,1.0,0.0,0,0.0,0.0,0.0,0.0,0.0,0.0,0.0,Midfielder,Forward
Teden Mengi,ENG,Luton Town,"21 years,  days",27.4,14,0.51,11.0,0.0,2.0,1.0,0.0,0.0,0,0.0,0.0,0.0,0.0,0.0,0.0,0.0,Defender,
Chris Mepham,WAL,Bournemouth,"25 years,  days",6.9,11,1.6,8.0,1.0,0.0,0.0,0.0,2.0,2,0.29,2.0,0.0,0.0,0.0,0.0,0.0,Defender,
Lewis Miley,ENG,Newcastle Utd,"17 years,  days",13.4,31,2.32,24.0,0.0,2.0,3.0,0.0,2.0,5,0.37,4.0,0.0,0.0,0.0,0.0,1.0,Midfielder,
James Milner,ENG,Brighton,"37 years,  days",8.6,24,2.79,20.0,4.0,0.0,0.0,0.0,0.0,2,0.23,0.0,2.0,0.0,0.0,0.0,0.0,Defender,Midfielder
Tyrone Mings,ENG,Aston Villa,"30 years,  days",0.3,2,6.0,1.0,0.0,0.0,0.0,0.0,1.0,0,0.0,0.0,0.0,0.0,0.0,0.0,0.0,Defender,
Tyrick Mitchell,ENG,Crystal Palace,"23 years,  days",35.6,47,1.32,40.0,2.0,1.0,2.0,1.0,1.0,4,0.11,4.0,0.0,0.0,0.0,0.0,0.0,Defender,Midfielder
Kaoru Mitoma,JPN,Brighton,"26 years,  days",16.5,62,3.76,47.0,0.0,10.0,3.0,2.0,0.0,10,0.61,6.0,0.0,3.0,1.0,0.0,0.0,Forward,
Aleksandar Mitrović,SRB,Fulham,"28 years,  days",0.4,2,5.45,1.0,0.0,1.0,0.0,0.0,0.0,1,2.73,1.0,0.0,0.0,0.0,0.0,0.0,Forward,
Jakub Moder,POL,Brighton,"24 years,  days",6.9,13,1.89,11.0,0.0,1.0,1.0,0.0,0.0,1,0.15,1.0,0.0,0.0,0.0,0.0,0.0,Midfielder,Defender
Gonzalo Montiel,ARG,Nottingham Forest,"26 years,  days",8.9,15,1.69,14.0,0.0,0.0,1.0,0.0,0.0,2,0.22,2.0,0.0,0.0,0.0,0.0,0.0,Defender,
Kieffer Moore,WAL,Bournemouth,"30 years,  days",1.2,5,4.17,5.0,0.0,0.0,0.0,0.0,0.0,0,0.0,0.0,0.0,0.0,0.0,0.0,0.0,Forward,Midfielder
Mikey Moore,ENG,Tottenham,"15 years,  days",0.0,0,0.0,0.0,0.0,0.0,0.0,0.0,0.0,0,0.0,0.0,0.0,0.0,0.0,0.0,0.0,Midfielder,
Álex Moreno,ESP,Aston Villa,"30 years,  days",11.5,22,1.92,19.0,0.0,2.0,1.0,0.0,0.0,1,0.09,1.0,0.0,0.0,0.0,0.0,0.0,Defender,
Carlton Morris,ENG,Luton Town,"27 years,  days",31.8,71,2.23,49.0,0.0,5.0,10.0,6.0,1.0,8,0.25,4.0,0.0,0.0,3.0,1.0,0.0,Forward,Midfielder
Mason Mount,ENG,Manchester Utd,"24 years,  days",5.7,18,3.15,11.0,2.0,2.0,0.0,1.0,2.0,0,0.0,0.0,0.0,0.0,0.0,0.0,0.0,Midfielder,Forward
Divin Mubama,ENG,West Ham,"18 years,  days",0.9,0,0.0,0.0,0.0,0.0,0.0,0.0,0.0,0,0.0,0.0,0.0,0.0,0.0,0.0,0.0,Forward,
Mykhailo Mudryk,UKR,Chelsea,"22 years,  days",17.5,60,3.43,39.0,10.0,7.0,1.0,3.0,0.0,9,0.51,3.0,1.0,2.0,1.0,2.0,0.0,Forward,
Rodrigo Muniz,BRA,Fulham,"22 years,  days",17.7,39,2.2,21.0,0.0,3.0,9.0,4.0,2.0,2,0.11,1.0,0.0,0.0,1.0,0.0,0.0,Forward,
Daniel Muñoz,COL,Crystal Palace,"27 years,  days",16.0,46,2.88,38.0,2.0,1.0,1.0,2.0,2.0,7,0.44,5.0,1.0,1.0,0.0,0.0,0.0,Defender,Midfielder
Finley Munroe,ENG,Aston Villa,"18 years,  days",0.0,0,0.0,0.0,0.0,0.0,0.0,0.0,0.0,0,0.0,0.0,0.0,0.0,0.0,0.0,0.0,Midfielder,
Arijanet Muric,KVX,Burnley,"24 years,  days",10.0,6,0.6,5.0,1.0,0.0,0.0,0.0,0.0,1,0.1,1.0,0.0,0.0,0.0,0.0,0.0,Goalkeeper,
Murillo,BRA,Nottingham Forest,"21 years,  days",31.0,30,0.97,20.0,1.0,5.0,3.0,1.0,0.0,4,0.13,2.0,1.0,0.0,0.0,1.0,0.0,Defender,
Alex Murphy,IRL,Newcastle Utd,"19 years,  days",0.1,0,0.0,0.0,0.0,0.0,0.0,0.0,0.0,0,0.0,0.0,0.0,0.0,0.0,0.0,0.0,Defender,Forward
Jacob Murphy,ENG,Newcastle Utd,"28 years,  days",13.2,55,4.16,44.0,4.0,2.0,3.0,1.0,1.0,10,0.76,9.0,0.0,1.0,0.0,0.0,0.0,Forward,Defender
Vitaliy Mykolenko,UKR,Everton,"24 years,  days",27.4,37,1.35,32.0,0.0,1.0,4.0,0.0,0.0,3,0.11,1.0,0.0,0.0,2.0,0.0,0.0,Defender,
Marvelous Nakamba,ZIM,Luton Town,"29 years,  days",12.6,13,1.03,13.0,0.0,0.0,0.0,0.0,0.0,0,0.0,0.0,0.0,0.0,0.0,0.0,0.0,Midfielder,
Michael Ndiweni,ENG,Newcastle Utd,"19 years,  days",0.0,0,0.0,0.0,0.0,0.0,0.0,0.0,0.0,0,0.0,0.0,0.0,0.0,0.0,0.0,0.0,Forward,
Reiss Nelson,ENG,Arsenal,"23 years,  days",3.0,9,3.02,7.0,1.0,0.0,1.0,0.0,0.0,0,0.0,0.0,0.0,0.0,0.0,0.0,0.0,Forward,
Zack Nelson,ENG,Luton Town,"18 years,  days",0.1,0,0.0,0.0,0.0,0.0,0.0,0.0,0.0,0,0.0,0.0,0.0,0.0,0.0,0.0,0.0,Midfielder,Defender
Neto,BRA,Bournemouth,"34 years,  days",32.0,5,0.16,4.0,1.0,0.0,0.0,0.0,0.0,0,0.0,0.0,0.0,0.0,0.0,0.0,0.0,Goalkeeper,
Pedro Neto,POR,Wolves,"23 years,  days",16.8,75,4.45,41.0,15.0,8.0,4.0,7.0,0.0,14,0.83,8.0,2.0,2.0,1.0,1.0,0.0,Forward,Midfielder
Moussa Niakhate,SEN,Nottingham Forest,"27 years,  days",16.2,11,0.68,8.0,3.0,0.0,0.0,0.0,0.0,0,0.0,0.0,0.0,0.0,0.0,0.0,0.0,Defender,
Eddie Nketiah,ENG,Arsenal,"24 years,  days",12.0,28,2.33,17.0,0.0,3.0,5.0,3.0,0.0,8,0.67,3.0,0.0,1.0,1.0,3.0,0.0,Forward,
Christopher Nkunku,FRA,Chelsea,"25 years,  days",4.9,13,2.65,10.0,0.0,1.0,1.0,1.0,0.0,1,0.2,1.0,0.0,0.0,0.0,0.0,0.0,Forward,Midfielder
Rhys Norrington-Davies,WAL,Sheffield Utd,"24 years,  days",1.2,1,0.82,1.0,0.0,0.0,0.0,0.0,0.0,0,0.0,0.0,0.0,0.0,0.0,0.0,0.0,Defender,
Oliver Norwood,NIR,Sheffield Utd,"32 years,  days",16.0,32,2.0,19.0,12.0,0.0,1.0,0.0,0.0,1,0.06,1.0,0.0,0.0,0.0,0.0,0.0,Midfielder,
Matheus Nunes,POR,Wolves,"24 years,  days",2.0,7,3.52,5.0,2.0,0.0,0.0,0.0,0.0,0,0.0,0.0,0.0,0.0,0.0,0.0,0.0,Midfielder,
Matheus Nunes,POR,Manchester City,"24 years,  days",7.3,20,2.72,16.0,0.0,0.0,1.0,3.0,0.0,3,0.41,3.0,0.0,0.0,0.0,0.0,0.0,Midfielder,
Darwin Núñez,URU,Liverpool,"24 years,  days",22.7,79,3.47,60.0,0.0,5.0,12.0,2.0,0.0,14,0.62,11.0,0.0,0.0,2.0,1.0,0.0,Forward,
Ethan Nwaneri,ENG,Arsenal,"16 years,  days",0.2,1,6.43,1.0,0.0,0.0,0.0,0.0,0.0,0,0.0,0.0,0.0,0.0,0.0,0.0,0.0,Forward,
Christian Nørgaard,DEN,Brentford,"29 years,  days",27.8,63,2.26,48.0,8.0,0.0,3.0,2.0,2.0,3,0.11,3.0,0.0,0.0,0.0,0.0,0.0,Midfielder,
Mark O'Mahony,IRL,Brighton,"18 years,  days",0.7,0,0.0,0.0,0.0,0.0,0.0,0.0,0.0,0,0.0,0.0,0.0,0.0,0.0,0.0,0.0,Forward,
Dara O'Shea,IRL,Burnley,"24 years,  days",32.1,32,1.0,27.0,0.0,0.0,3.0,1.0,1.0,6,0.19,6.0,0.0,0.0,0.0,0.0,0.0,Defender,
Michael Obafemi,IRL,Burnley,"23 years,  days",0.2,1,4.29,1.0,0.0,0.0,0.0,0.0,0.0,1,4.29,1.0,0.0,0.0,0.0,0.0,0.0,Forward,Midfielder
Wilson Odobert,FRA,Burnley,"18 years,  days",23.3,76,3.26,55.0,0.0,10.0,8.0,3.0,0.0,4,0.17,3.0,0.0,0.0,1.0,0.0,0.0,Midfielder,Forward
Odeluga Offiah,ENG,Brighton,"20 years,  days",1.4,4,2.81,3.0,1.0,0.0,0.0,0.0,0.0,0,0.0,0.0,0.0,0.0,0.0,0.0,0.0,Defender,
Chiedozie Ogbene,IRL,Luton Town,"26 years,  days",22.2,79,3.56,51.0,2.0,12.0,5.0,9.0,0.0,9,0.41,1.0,0.0,2.0,2.0,4.0,0.0,Midfielder,Defender
Angelo Ogbonna,ITA,West Ham,"35 years,  days",7.1,0,0.0,0.0,0.0,0.0,0.0,0.0,0.0,0,0.0,0.0,0.0,0.0,0.0,0.0,0.0,Defender,
Michael Olakigbe,ENG,Brentford,"19 years,  days",0.7,3,4.58,2.0,0.0,1.0,0.0,0.0,0.0,0,0.0,0.0,0.0,0.0,0.0,0.0,0.0,Defender,Forward
Michael Olise,FRA,Crystal Palace,"21 years,  days",14.2,82,5.79,44.0,15.0,11.0,5.0,7.0,0.0,14,0.99,11.0,1.0,2.0,0.0,0.0,0.0,Forward,Midfielder
Robin Olsen,SWE,Aston Villa,"33 years,  days",4.5,0,0.0,0.0,0.0,0.0,0.0,0.0,0.0,0,0.0,0.0,0.0,0.0,0.0,0.0,0.0,Goalkeeper,
Andrew Omobamidele,IRL,Nottingham Forest,"21 years,  days",8.7,6,0.69,5.0,0.0,0.0,1.0,0.0,0.0,1,0.11,0.0,0.0,0.0,1.0,0.0,0.0,Defender,
Amadou Onana,BEL,Everton,"21 years,  days",23.2,56,2.41,47.0,0.0,1.0,3.0,4.0,1.0,1,0.04,0.0,0.0,0.0,0.0,0.0,1.0,Midfielder,
André Onana,CMR,Manchester Utd,"27 years,  days",38.0,6,0.16,6.0,0.0,0.0,0.0,0.0,0.0,1,0.03,1.0,0.0,0.0,0.0,0.0,0.0,Goalkeeper,
Ryan One,SCO,Sheffield Utd,"17 years,  days",0.1,0,0.0,0.0,0.0,0.0,0.0,0.0,0.0,0,0.0,0.0,0.0,0.0,0.0,0.0,0.0,Forward,
Tyler Onyango,ENG,Everton,"20 years,  days",0.0,0,0.0,0.0,0.0,0.0,0.0,0.0,0.0,0,0.0,0.0,0.0,0.0,0.0,0.0,0.0,Midfielder,
Fred Onyedinma,ENG,Luton Town,"26 years,  days",4.5,5,1.11,4.0,1.0,0.0,0.0,0.0,0.0,0,0.0,0.0,0.0,0.0,0.0,0.0,0.0,Defender,Midfielder
Frank Onyeka,NGA,Brentford,"25 years,  days",12.9,32,2.48,22.0,0.0,2.0,3.0,4.0,1.0,1,0.08,0.0,0.0,0.0,1.0,0.0,0.0,Midfielder,
Divock Origi,BEL,Nottingham Forest,"28 years,  days",6.7,16,2.38,11.0,1.0,2.0,1.0,1.0,0.0,2,0.3,2.0,0.0,0.0,0.0,0.0,0.0,Forward,
Stefan Ortega,GER,Manchester City,"30 years,  days",7.1,0,0.0,0.0,0.0,0.0,0.0,0.0,0.0,0,0.0,0.0,0.0,0.0,0.0,0.0,0.0,Goalkeeper,
Ben Osborn,ENG,Sheffield Utd,"28 years,  days",15.2,24,1.58,22.0,1.0,0.0,0.0,1.0,0.0,3,0.2,3.0,0.0,0.0,0.0,0.0,0.0,Defender,Midfielder
Gabriel Osho,NGA,Luton Town,"24 years,  days",20.5,8,0.39,7.0,0.0,1.0,0.0,0.0,0.0,3,0.15,3.0,0.0,0.0,0.0,0.0,0.0,Defender,
William Osula,DEN,Sheffield Utd,"19 years,  days",8.7,12,1.37,3.0,0.0,1.0,5.0,3.0,0.0,1,0.11,0.0,0.0,0.0,1.0,0.0,0.0,Forward,
Dango Ouattara,BFA,Bournemouth,"21 years,  days",13.7,45,3.3,34.0,1.0,4.0,2.0,1.0,3.0,3,0.22,3.0,0.0,0.0,0.0,0.0,0.0,Forward,Defender
David Ozoh,ENG,Crystal Palace,"18 years,  days",1.7,0,0.0,0.0,0.0,0.0,0.0,0.0,0.0,0,0.0,0.0,0.0,0.0,0.0,0.0,0.0,Midfielder,Defender
João Palhinha,POR,Fulham,"28 years,  days",30.0,33,1.1,23.0,2.0,0.0,4.0,2.0,2.0,2,0.07,1.0,0.0,0.0,1.0,0.0,0.0,Midfielder,
Cole Palmer,ENG,Chelsea,"21 years,  days",29.0,162,5.59,116.0,12.0,14.0,10.0,5.0,5.0,26,0.9,20.0,0.0,1.0,2.0,1.0,2.0,Forward,Midfielder
Cole Palmer,ENG,Manchester City,"21 years,  days",0.1,0,0.0,0.0,0.0,0.0,0.0,0.0,0.0,0,0.0,0.0,0.0,0.0,0.0,0.0,0.0,Midfielder,
Emerson Palmieri,ITA,West Ham,"28 years,  days",34.9,74,2.12,49.0,6.0,3.0,4.0,8.0,4.0,12,0.34,6.0,2.0,1.0,1.0,1.0,1.0,Defender,
Lucas Paquetá,BRA,West Ham,"25 years,  days",29.1,95,3.26,77.0,1.0,7.0,2.0,6.0,2.0,16,0.55,13.0,1.0,2.0,0.0,0.0,0.0,Forward,Midfielder
Ben Parkinson,ENG,Newcastle Utd,"18 years,  days",0.3,0,0.0,0.0,0.0,0.0,0.0,0.0,0.0,0,0.0,0.0,0.0,0.0,0.0,0.0,0.0,Forward,
Thomas Partey,GHA,Arsenal,"30 years,  days",8.8,25,2.86,24.0,0.0,0.0,0.0,1.0,0.0,4,0.46,4.0,0.0,0.0,0.0,0.0,0.0,Midfielder,Defender
Nathan Patterson,SCO,Everton,"21 years,  days",11.2,20,1.79,14.0,3.0,0.0,1.0,0.0,2.0,2,0.18,2.0,0.0,0.0,0.0,0.0,0.0,Defender,
Myles Peart-Harris,ENG,Brentford,"20 years,  days",0.1,1,6.92,1.0,0.0,0.0,0.0,0.0,0.0,0,0.0,0.0,0.0,0.0,0.0,0.0,0.0,Defender,Midfielder
Sydie Peck,ENG,Sheffield Utd,"18 years,  days",0.1,0,0.0,0.0,0.0,0.0,0.0,0.0,0.0,0,0.0,0.0,0.0,0.0,0.0,0.0,0.0,Midfielder,
Facundo Pellistri,URU,Manchester Utd,"21 years,  days",1.9,3,1.57,2.0,0.0,0.0,0.0,1.0,0.0,1,0.52,1.0,0.0,0.0,0.0,0.0,0.0,Forward,Midfielder
Andreas Pereira,BRA,Fulham,"27 years,  days",29.0,137,4.72,80.0,48.0,3.0,3.0,3.0,0.0,15,0.52,10.0,4.0,1.0,0.0,0.0,0.0,Midfielder,
Ivan Perišić,CRO,Tottenham,"34 years,  days",1.1,8,6.99,6.0,1.0,1.0,0.0,0.0,0.0,2,1.75,1.0,1.0,0.0,0.0,0.0,0.0,Forward,
Đorđe Petrović,SRB,Chelsea,"23 years,  days",22.1,1,0.05,1.0,0.0,0.0,0.0,0.0,0.0,0,0.0,0.0,0.0,0.0,0.0,0.0,0.0,Goalkeeper,
Kalvin Phillips,ENG,West Ham,"27 years,  days",3.4,5,1.46,5.0,0.0,0.0,0.0,0.0,0.0,0,0.0,0.0,0.0,0.0,0.0,0.0,0.0,Midfielder,
Kalvin Phillips,ENG,Manchester City,"27 years,  days",1.0,1,0.98,0.0,0.0,0.0,1.0,0.0,0.0,0,0.0,0.0,0.0,0.0,0.0,0.0,0.0,Midfielder,
Jaden Philogene Bidace,ENG,Aston Villa,"21 years,  days",0.0,0,0.0,0.0,0.0,0.0,0.0,0.0,0.0,0,0.0,0.0,0.0,0.0,0.0,0.0,0.0,Forward,
Jordan Pickford,ENG,Everton,"29 years,  days",38.0,24,0.63,14.0,10.0,0.0,0.0,0.0,0.0,0,0.0,0.0,0.0,0.0,0.0,0.0,0.0,Goalkeeper,
Ethan Pinnock,JAM,Brentford,"30 years,  days",28.0,24,0.86,16.0,1.0,0.0,6.0,0.0,1.0,1,0.04,1.0,0.0,0.0,0.0,0.0,0.0,Defender,
Nick Pope,ENG,Newcastle Utd,"31 years,  days",14.9,1,0.07,1.0,0.0,0.0,0.0,0.0,0.0,0,0.0,0.0,0.0,0.0,0.0,0.0,0.0,Goalkeeper,
Pedro Porro,ESP,Tottenham,"23 years,  days",34.3,107,3.12,66.0,28.0,4.0,5.0,4.0,0.0,12,0.35,9.0,3.0,0.0,0.0,0.0,0.0,Defender,
Jarell Quansah,ENG,Liverpool,"20 years,  days",13.2,13,0.98,13.0,0.0,0.0,0.0,0.0,0.0,1,0.08,1.0,0.0,0.0,0.0,0.0,0.0,Defender,
Ionuț Radu,ROU,Bournemouth,"26 years,  days",2.0,0,0.0,0.0,0.0,0.0,0.0,0.0,0.0,0,0.0,0.0,0.0,0.0,0.0,0.0,0.0,Goalkeeper,
Jesurun Rak Sakyi,ENG,Crystal Palace,"20 years,  days",1.5,6,3.97,4.0,0.0,2.0,0.0,0.0,0.0,0,0.0,0.0,0.0,0.0,0.0,0.0,0.0,Midfielder,Forward
Aaron Ramsdale,ENG,Arsenal,"25 years,  days",6.0,0,0.0,0.0,0.0,0.0,0.0,0.0,0.0,0,0.0,0.0,0.0,0.0,0.0,0.0,0.0,Goalkeeper,
Aaron Ramsey,ENG,Burnley,"20 years,  days",5.9,5,0.85,5.0,0.0,0.0,0.0,0.0,0.0,0,0.0,0.0,0.0,0.0,0.0,0.0,0.0,Midfielder,Forward
Jacob Ramsey,ENG,Aston Villa,"22 years,  days",9.5,29,3.06,23.0,2.0,1.0,2.0,0.0,1.0,3,0.32,2.0,1.0,0.0,0.0,0.0,0.0,Forward,Midfielder
Marcus Rashford,ENG,Manchester Utd,"25 years,  days",25.2,87,3.45,57.0,1.0,16.0,7.0,6.0,0.0,12,0.48,10.0,0.0,1.0,0.0,1.0,0.0,Forward,
David Raya,ESP,Arsenal,"27 years,  days",32.0,4,0.12,3.0,1.0,0.0,0.0,0.0,0.0,0,0.0,0.0,0.0,0.0,0.0,0.0,0.0,Goalkeeper,
Tim Ream,USA,Fulham,"35 years,  days",16.7,10,0.6,9.0,1.0,0.0,0.0,0.0,0.0,1,0.06,1.0,0.0,0.0,0.0,0.0,0.0,Defender,
Nathan Redmond,ENG,Burnley,"29 years,  days",1.6,8,5.07,6.0,0.0,1.0,0.0,1.0,0.0,1,0.63,1.0,0.0,0.0,0.0,0.0,0.0,Forward,Midfielder
Harrison Reed,ENG,Fulham,"28 years,  days",14.7,29,1.97,25.0,3.0,0.0,0.0,1.0,0.0,5,0.34,3.0,2.0,0.0,0.0,0.0,0.0,Midfielder,
Sergio Reguilón,ESP,Manchester Utd,"26 years,  days",4.6,15,3.28,13.0,1.0,0.0,1.0,0.0,0.0,1,0.22,1.0,0.0,0.0,0.0,0.0,0.0,Defender,
Sergio Reguilón,ESP,Brentford,"26 years,  days",12.4,35,2.82,20.0,11.0,1.0,2.0,1.0,0.0,6,0.48,2.0,2.0,0.0,2.0,0.0,0.0,Defender,
Bobby Reid,JAM,Fulham,"30 years,  days",15.8,35,2.17,29.0,0.0,1.0,3.0,0.0,2.0,4,0.25,3.0,0.0,0.0,0.0,0.0,1.0,Forward,
Gio Reyna,USA,Nottingham Forest,"20 years,  days",2.6,12,4.6,9.0,1.0,1.0,0.0,0.0,1.0,2,0.77,1.0,1.0,0.0,0.0,0.0,0.0,Forward,Midfielder
Rodrigo Ribeiro,POR,Nottingham Forest,"18 years,  days",0.2,1,5.29,1.0,0.0,0.0,0.0,0.0,0.0,0,0.0,0.0,0.0,0.0,0.0,0.0,0.0,Midfielder,Forward
Declan Rice,ENG,Arsenal,"24 years,  days",35.8,100,2.79,71.0,16.0,3.0,5.0,0.0,5.0,12,0.33,6.0,5.0,0.0,1.0,0.0,0.0,Midfielder,
Chris Richards,USA,Crystal Palace,"23 years,  days",23.3,16,0.69,11.0,0.0,0.0,2.0,0.0,3.0,3,0.13,3.0,0.0,0.0,0.0,0.0,0.0,Defender,Midfielder
Richarlison,BRA,Tottenham,"26 years,  days",16.6,34,2.05,23.0,0.0,3.0,5.0,2.0,1.0,5,0.3,5.0,0.0,0.0,0.0,0.0,0.0,Forward,
Jaïro Riedewald,NED,Crystal Palace,"26 years,  days",2.6,1,0.38,1.0,0.0,0.0,0.0,0.0,0.0,0,0.0,0.0,0.0,0.0,0.0,0.0,0.0,Midfielder,Forward
Matt Ritchie,SCO,Newcastle Utd,"33 years,  days",1.4,3,2.11,3.0,0.0,0.0,0.0,0.0,0.0,1,0.7,1.0,0.0,0.0,0.0,0.0,0.0,Forward,Midfielder
Connor Roberts,WAL,Burnley,"27 years,  days",9.1,18,1.97,13.0,5.0,0.0,0.0,0.0,0.0,3,0.33,3.0,0.0,0.0,0.0,0.0,0.0,Defender,
Andrew Robertson,SCO,Liverpool,"29 years,  days",18.8,97,5.16,62.0,33.0,1.0,0.0,1.0,0.0,5,0.27,3.0,2.0,0.0,0.0,0.0,0.0,Defender,
Antonee Robinson,USA,Fulham,"25 years,  days",36.3,69,1.9,63.0,2.0,2.0,0.0,1.0,1.0,7,0.19,7.0,0.0,0.0,0.0,0.0,0.0,Defender,
Jack Robinson,ENG,Sheffield Utd,"29 years,  days",32.1,23,0.72,12.0,7.0,0.0,3.0,0.0,1.0,1,0.03,0.0,1.0,0.0,0.0,0.0,0.0,Defender,
Rodri,ESP,Manchester City,"27 years,  days",32.6,157,4.82,130.0,2.0,8.0,5.0,6.0,6.0,23,0.71,17.0,0.0,3.0,1.0,1.0,1.0,Midfielder,
Jay Rodriguez,ENG,Burnley,"34 years,  days",9.1,13,1.42,7.0,0.0,2.0,4.0,0.0,0.0,1,0.11,1.0,0.0,0.0,0.0,0.0,0.0,Forward,
Mads Roerslev,DEN,Brentford,"24 years,  days",22.1,33,1.5,29.0,0.0,3.0,0.0,0.0,1.0,3,0.14,3.0,0.0,0.0,0.0,0.0,0.0,Defender,
Morgan Rogers,ENG,Aston Villa,"21 years,  days",7.1,23,3.25,18.0,0.0,3.0,0.0,2.0,0.0,4,0.57,2.0,0.0,1.0,0.0,1.0,0.0,Midfielder,Forward
Cristian Romero,ARG,Tottenham,"25 years,  days",31.0,35,1.13,28.0,2.0,0.0,3.0,0.0,2.0,2,0.06,1.0,0.0,0.0,1.0,0.0,0.0,Defender,
Joe Rothwell,ENG,Bournemouth,"28 years,  days",4.3,12,2.8,6.0,3.0,1.0,1.0,1.0,0.0,1,0.23,1.0,0.0,0.0,0.0,0.0,0.0,Midfielder,
Pelly Ruddock Mpanzu,COD,Luton Town,"30 years,  days",12.2,19,1.55,12.0,1.0,2.0,1.0,2.0,1.0,0,0.0,0.0,0.0,0.0,0.0,0.0,0.0,Midfielder,
José Sá,POR,Wolves,"30 years,  days",33.7,3,0.09,3.0,0.0,0.0,0.0,0.0,0.0,1,0.03,1.0,0.0,0.0,0.0,0.0,0.0,Goalkeeper,
Dominic Sadi,ENG,Bournemouth,"19 years,  days",0.0,0,0.0,0.0,0.0,0.0,0.0,0.0,0.0,0,0.0,0.0,0.0,0.0,0.0,0.0,0.0,Forward,
Bukayo Saka,ENG,Arsenal,"21 years,  days",32.4,188,5.8,137.0,26.0,10.0,9.0,4.0,2.0,21,0.65,16.0,2.0,1.0,1.0,1.0,0.0,Forward,
Mohamed Salah,EGY,Liverpool,"31 years,  days",28.2,139,4.94,103.0,2.0,7.0,21.0,5.0,1.0,20,0.71,14.0,0.0,2.0,3.0,1.0,0.0,Forward,
William Saliba,FRA,Arsenal,"22 years,  days",38.0,29,0.76,26.0,0.0,1.0,2.0,0.0,0.0,3,0.08,3.0,0.0,0.0,0.0,0.0,0.0,Defender,
Albert Sambi Lokonga,BEL,Luton Town,"23 years,  days",14.5,27,1.86,22.0,0.0,0.0,1.0,3.0,1.0,3,0.21,3.0,0.0,0.0,0.0,0.0,0.0,Midfielder,
Davinson Sánchez,COL,Tottenham,"27 years,  days",0.9,1,1.17,0.0,0.0,0.0,1.0,0.0,0.0,0,0.0,0.0,0.0,0.0,0.0,0.0,0.0,Defender,
Robert Sánchez,ESP,Chelsea,"25 years,  days",15.9,2,0.13,1.0,1.0,0.0,0.0,0.0,0.0,0,0.0,0.0,0.0,0.0,0.0,0.0,0.0,Goalkeeper,
Jadon Sancho,ENG,Manchester Utd,"23 years,  days",0.9,4,4.62,1.0,1.0,0.0,0.0,1.0,1.0,1,1.15,0.0,1.0,0.0,0.0,0.0,0.0,Forward,Midfielder
Ibrahim Sangaré,CIV,Nottingham Forest,"25 years,  days",11.5,18,1.57,15.0,0.0,0.0,1.0,1.0,1.0,2,0.17,2.0,0.0,0.0,0.0,0.0,0.0,Midfielder,
Andrey Santos,BRA,Nottingham Forest,"19 years,  days",0.1,2,22.5,2.0,0.0,0.0,0.0,0.0,0.0,0,0.0,0.0,0.0,0.0,0.0,0.0,0.0,Midfielder,
Pablo Sarabia,ESP,Wolves,"31 years,  days",19.4,87,4.49,49.0,26.0,2.0,4.0,5.0,1.0,11,0.57,7.0,4.0,0.0,0.0,0.0,0.0,Midfielder,Forward
Dane Scarlett,ENG,Tottenham,"19 years,  days",0.2,1,4.09,0.0,0.0,0.0,0.0,0.0,1.0,0,0.0,0.0,0.0,0.0,0.0,0.0,0.0,Forward,
Kevin Schade,GER,Brentford,"21 years,  days",3.7,12,3.22,8.0,0.0,1.0,1.0,2.0,0.0,3,0.81,2.0,0.0,0.0,0.0,1.0,0.0,Forward,Midfielder
Fabian Schär,SUI,Newcastle Utd,"31 years,  days",33.9,47,1.39,33.0,2.0,2.0,4.0,5.0,1.0,12,0.35,8.0,0.0,0.0,0.0,3.0,1.0,Defender,
Jeffrey Schlupp,GHA,Crystal Palace,"30 years,  days",15.0,28,1.86,21.0,0.0,2.0,1.0,2.0,2.0,3,0.2,3.0,0.0,0.0,0.0,0.0,0.0,Forward,Midfielder
Alex Scott,ENG,Bournemouth,"19 years,  days",11.3,44,3.91,32.0,5.0,2.0,2.0,2.0,1.0,3,0.27,2.0,0.0,1.0,0.0,0.0,0.0,Midfielder,
Matz Sels,BEL,Nottingham Forest,"31 years,  days",16.0,1,0.06,1.0,0.0,0.0,0.0,0.0,0.0,0,0.0,0.0,0.0,0.0,0.0,0.0,0.0,Goalkeeper,
Nélson Semedo,POR,Wolves,"29 years,  days",34.3,60,1.75,46.0,0.0,3.0,2.0,6.0,3.0,3,0.09,2.0,0.0,0.0,0.0,0.0,1.0,Defender,Midfielder
Antoine Semenyo,GHA,Bournemouth,"23 years,  days",23.4,72,3.08,50.0,0.0,11.0,9.0,1.0,1.0,7,0.3,4.0,0.0,0.0,1.0,1.0,1.0,Forward,
Marcos Senesi,ARG,Bournemouth,"26 years,  days",24.9,49,1.97,44.0,0.0,0.0,2.0,1.0,2.0,8,0.32,8.0,0.0,0.0,0.0,0.0,0.0,Defender,
Luke Shaw,ENG,Manchester Utd,"28 years,  days",10.7,23,2.16,13.0,9.0,1.0,0.0,0.0,0.0,0,0.0,0.0,0.0,0.0,0.0,0.0,0.0,Defender,
James Shea,ENG,Luton Town,"32 years,  days",0.2,0,0.0,0.0,0.0,0.0,0.0,0.0,0.0,0,0.0,0.0,0.0,0.0,0.0,0.0,0.0,Goalkeeper,
Bernardo Silva,POR,Manchester City,"28 years,  days",28.6,130,4.54,117.0,3.0,6.0,1.0,3.0,0.0,13,0.45,11.0,0.0,2.0,0.0,0.0,0.0,Midfielder,Forward
Fábio Silva,POR,Wolves,"21 years,  days",2.9,9,3.08,6.0,0.0,1.0,1.0,1.0,0.0,0,0.0,0.0,0.0,0.0,0.0,0.0,0.0,Forward,
Thiago Silva,BRA,Chelsea,"38 years,  days",28.1,27,0.96,25.0,1.0,0.0,1.0,0.0,0.0,4,0.14,3.0,0.0,0.0,1.0,0.0,0.0,Defender,
Luis Sinisterra,COL,Bournemouth,"24 years,  days",7.8,42,5.42,27.0,0.0,9.0,4.0,0.0,2.0,3,0.39,0.0,0.0,0.0,3.0,0.0,0.0,Forward,Midfielder
Oliver Skipp,ENG,Tottenham,"22 years,  days",7.9,14,1.78,13.0,0.0,0.0,1.0,0.0,0.0,2,0.25,2.0,0.0,0.0,0.0,0.0,0.0,Midfielder,Defender
Adam Smith,ENG,Bournemouth,"32 years,  days",23.9,31,1.3,26.0,4.0,0.0,0.0,1.0,0.0,5,0.21,5.0,0.0,0.0,0.0,0.0,0.0,Defender,
Emile Smith Rowe,ENG,Arsenal,"23 years,  days",3.9,13,3.31,10.0,1.0,0.0,1.0,1.0,0.0,2,0.51,1.0,1.0,0.0,0.0,0.0,0.0,Midfielder,
Cédric Soares,POR,Arsenal,"31 years,  days",0.7,0,0.0,0.0,0.0,0.0,0.0,0.0,0.0,0,0.0,0.0,0.0,0.0,0.0,0.0,0.0,Defender,
Dominic Solanke,ENG,Bournemouth,"25 years,  days",36.9,79,2.14,61.0,0.0,6.0,5.0,4.0,3.0,6,0.16,4.0,0.0,2.0,0.0,0.0,0.0,Forward,
Manor Solomon,ISR,Tottenham,"24 years,  days",2.2,19,8.59,16.0,0.0,1.0,1.0,1.0,0.0,2,0.9,2.0,0.0,0.0,0.0,0.0,0.0,Forward,
Tomáš Souček,CZE,West Ham,"28 years,  days",31.9,42,1.32,34.0,1.0,0.0,4.0,0.0,3.0,4,0.13,4.0,0.0,0.0,0.0,0.0,0.0,Midfielder,
Vinicius Souza,BRA,Sheffield Utd,"24 years,  days",29.6,26,0.88,22.0,1.0,0.0,1.0,0.0,2.0,3,0.1,2.0,0.0,0.0,1.0,0.0,0.0,Midfielder,
Jason Steele,ENG,Brighton,"32 years,  days",17.0,0,0.0,0.0,0.0,0.0,0.0,0.0,0.0,0,0.0,0.0,0.0,0.0,0.0,0.0,0.0,Goalkeeper,
Raheem Sterling,ENG,Chelsea,"28 years,  days",22.0,85,3.87,55.0,0.0,15.0,4.0,7.0,4.0,14,0.64,7.0,0.0,4.0,0.0,3.0,0.0,Forward,Midfielder
John Stones,ENG,Manchester City,"29 years,  days",11.8,23,1.95,21.0,0.0,0.0,0.0,2.0,0.0,0,0.0,0.0,0.0,0.0,0.0,0.0,0.0,Defender,Midfielder
Thomas Strakosha,ALB,Brentford,"28 years,  days",1.5,0,0.0,0.0,0.0,0.0,0.0,0.0,0.0,0,0.0,0.0,0.0,0.0,0.0,0.0,0.0,Goalkeeper,
Dominik Szoboszlai,HUN,Liverpool,"22 years,  days",23.4,115,4.92,84.0,21.0,4.0,3.0,3.0,0.0,7,0.3,5.0,0.0,0.0,1.0,1.0,0.0,Midfielder,
Matt Targett,ENG,Newcastle Utd,"27 years,  days",0.9,4,4.62,4.0,0.0,0.0,0.0,0.0,0.0,0,0.0,0.0,0.0,0.0,0.0,0.0,0.0,Defender,
James Tarkowski,ENG,Everton,"30 years,  days",38.0,44,1.16,38.0,0.0,1.0,4.0,0.0,1.0,3,0.08,3.0,0.0,0.0,0.0,0.0,0.0,Defender,
Jimi Tauriainen,ENG,Chelsea,"19 years,  days",0.0,0,0.0,0.0,0.0,0.0,0.0,0.0,0.0,0,0.0,0.0,0.0,0.0,0.0,0.0,0.0,Forward,
Nuno Tavares,POR,Nottingham Forest,"23 years,  days",5.1,9,1.77,8.0,0.0,1.0,0.0,0.0,0.0,0,0.0,0.0,0.0,0.0,0.0,0.0,0.0,Defender,
Marcus Tavernier,ENG,Bournemouth,"24 years,  days",23.5,101,4.29,72.0,14.0,5.0,5.0,4.0,1.0,9,0.38,6.0,2.0,0.0,0.0,1.0,0.0,Forward,
Charlie Taylor,ENG,Burnley,"29 years,  days",25.9,34,1.31,30.0,0.0,0.0,2.0,1.0,1.0,2,0.08,1.0,0.0,0.0,1.0,0.0,0.0,Defender,
Kenny Tete,NED,Fulham,"27 years,  days",9.6,15,1.56,11.0,0.0,2.0,1.0,1.0,0.0,2,0.21,1.0,0.0,0.0,0.0,1.0,0.0,Defender,
Luke Thomas,ENG,Sheffield Utd,"22 years,  days",10.2,10,0.98,8.0,0.0,0.0,1.0,1.0,0.0,0,0.0,0.0,0.0,0.0,0.0,0.0,0.0,Defender,
Youri Tielemans,BEL,Aston Villa,"26 years,  days",18.0,49,2.72,40.0,1.0,1.0,3.0,2.0,2.0,16,0.89,14.0,0.0,0.0,1.0,0.0,1.0,Midfielder,Forward
Jurriën Timber,NED,Arsenal,"22 years,  days",0.8,0,0.0,0.0,0.0,0.0,0.0,0.0,0.0,0,0.0,0.0,0.0,0.0,0.0,0.0,0.0,Defender,
Harry Toffolo,ENG,Nottingham Forest,"27 years,  days",16.2,25,1.54,16.0,7.0,0.0,2.0,0.0,0.0,4,0.25,4.0,0.0,0.0,0.0,0.0,0.0,Defender,
Takehiro Tomiyasu,JPN,Arsenal,"24 years,  days",12.8,17,1.33,16.0,0.0,0.0,1.0,0.0,0.0,2,0.16,2.0,0.0,0.0,0.0,0.0,0.0,Defender,
James Tomkins,ENG,Crystal Palace,"34 years,  days",0.1,0,0.0,0.0,0.0,0.0,0.0,0.0,0.0,0,0.0,0.0,0.0,0.0,0.0,0.0,0.0,Defender,
Sandro Tonali,ITA,Newcastle Utd,"23 years,  days",4.9,12,2.47,10.0,1.0,0.0,0.0,1.0,0.0,3,0.62,2.0,0.0,0.0,0.0,1.0,0.0,Midfielder,
Ivan Toney,ENG,Brentford,"27 years,  days",16.1,39,2.42,22.0,5.0,4.0,4.0,4.0,0.0,6,0.37,4.0,0.0,1.0,1.0,0.0,0.0,Forward,
Pau Torres,ESP,Aston Villa,"26 years,  days",27.4,23,0.84,22.0,1.0,0.0,0.0,0.0,0.0,1,0.04,1.0,0.0,0.0,0.0,0.0,0.0,Defender,
Andros Townsend,ENG,Luton Town,"32 years,  days",13.4,36,2.68,24.0,5.0,3.0,3.0,1.0,0.0,6,0.45,4.0,0.0,1.0,1.0,0.0,0.0,Midfielder,Forward
James Trafford,ENG,Burnley,"20 years,  days",28.0,7,0.25,3.0,4.0,0.0,0.0,0.0,0.0,1,0.04,0.0,1.0,0.0,0.0,0.0,0.0,Goalkeeper,
Adama Traoré,ESP,Fulham,"27 years,  days",4.2,14,3.34,12.0,0.0,1.0,1.0,0.0,0.0,5,1.19,4.0,0.0,1.0,0.0,0.0,0.0,Forward,Midfielder
Bénie Traoré,CIV,Sheffield Utd,"20 years,  days",4.3,6,1.4,6.0,0.0,0.0,0.0,0.0,0.0,1,0.23,1.0,0.0,0.0,0.0,0.0,0.0,Forward,Midfielder
Bertrand Traoré,BFA,Aston Villa,"27 years,  days",0.1,0,0.0,0.0,0.0,0.0,0.0,0.0,0.0,0,0.0,0.0,0.0,0.0,0.0,0.0,0.0,Defender,Forward
Boubacar Traoré,MLI,Wolves,"21 years,  days",9.1,13,1.43,12.0,0.0,1.0,0.0,0.0,0.0,2,0.22,2.0,0.0,0.0,0.0,0.0,0.0,Midfielder,
Mark Travers,IRL,Bournemouth,"24 years,  days",4.0,2,0.5,1.0,1.0,0.0,0.0,0.0,0.0,0,0.0,0.0,0.0,0.0,0.0,0.0,0.0,Goalkeeper,
Mike Trésor,BEL,Burnley,"24 years,  days",4.7,10,2.14,4.0,5.0,1.0,0.0,0.0,0.0,0,0.0,0.0,0.0,0.0,0.0,0.0,0.0,Forward,Midfielder
Kieran Trippier,ENG,Newcastle Utd,"32 years,  days",24.8,101,4.07,68.0,28.0,1.0,0.0,2.0,2.0,11,0.44,7.0,3.0,0.0,0.0,0.0,1.0,Defender,
Leandro Trossard,BEL,Arsenal,"28 years,  days",18.3,65,3.55,46.0,3.0,7.0,5.0,4.0,0.0,6,0.33,1.0,1.0,2.0,0.0,2.0,0.0,Forward,Midfielder
Auston Trusty,USA,Sheffield Utd,"24 years,  days",28.6,16,0.56,11.0,2.0,1.0,0.0,0.0,2.0,0,0.0,0.0,0.0,0.0,0.0,0.0,0.0,Defender,
Kostas Tsimikas,GRE,Liverpool,"27 years,  days",7.5,32,4.24,20.0,9.0,0.0,0.0,2.0,1.0,2,0.27,2.0,0.0,0.0,0.0,0.0,0.0,Defender,
Matt Turner,USA,Nottingham Forest,"29 years,  days",17.0,4,0.24,4.0,0.0,0.0,0.0,0.0,0.0,0,0.0,0.0,0.0,0.0,0.0,0.0,0.0,Goalkeeper,
Destiny Udogie,ITA,Tottenham,"20 years,  days",26.6,57,2.15,51.0,0.0,4.0,2.0,0.0,0.0,7,0.26,6.0,0.0,0.0,1.0,0.0,0.0,Defender,
Lesley Ugochukwu,FRA,Chelsea,"19 years,  days",3.3,5,1.5,5.0,0.0,0.0,0.0,0.0,0.0,0,0.0,0.0,0.0,0.0,0.0,0.0,0.0,Midfielder,
Enes Ünal,TUR,Bournemouth,"26 years,  days",3.6,12,3.28,4.0,0.0,1.0,5.0,1.0,1.0,3,0.82,1.0,0.0,0.0,2.0,0.0,0.0,Forward,Midfielder
Virgil van Dijk,NED,Liverpool,"32 years,  days",35.3,59,1.67,54.0,0.0,0.0,5.0,0.0,0.0,4,0.11,4.0,0.0,0.0,0.0,0.0,0.0,Defender,
Raphaël Varane,FRA,Manchester Utd,"30 years,  days",15.3,16,1.05,13.0,1.0,0.0,2.0,0.0,0.0,2,0.13,2.0,0.0,0.0,0.0,0.0,0.0,Defender,
Alejo Véliz,ARG,Tottenham,"19 years,  days",0.6,1,1.84,0.0,0.0,1.0,0.0,0.0,0.0,0,0.0,0.0,0.0,0.0,0.0,0.0,0.0,Forward,
Joël Veltman,NED,Brighton,"31 years,  days",17.6,18,1.02,12.0,2.0,0.0,0.0,3.0,1.0,1,0.06,1.0,0.0,0.0,0.0,0.0,0.0,Defender,
Micky van de Ven,NED,Tottenham,"22 years,  days",26.0,11,0.42,9.0,0.0,1.0,0.0,1.0,0.0,1,0.04,0.0,0.0,1.0,0.0,0.0,0.0,Defender,
Bart Verbruggen,NED,Brighton,"20 years,  days",21.0,3,0.14,3.0,0.0,0.0,0.0,0.0,0.0,0,0.0,0.0,0.0,0.0,0.0,0.0,0.0,Goalkeeper,
Guglielmo Vicario,ITA,Tottenham,"26 years,  days",38.0,2,0.05,2.0,0.0,0.0,0.0,0.0,0.0,0,0.0,0.0,0.0,0.0,0.0,0.0,0.0,Goalkeeper,
Fabio Vieira,POR,Arsenal,"23 years,  days",3.3,12,3.64,7.0,1.0,0.0,1.0,3.0,0.0,5,1.52,1.0,1.0,0.0,0.0,3.0,0.0,Midfielder,Forward
Carlos Vinícius,BRA,Fulham,"28 years,  days",3.5,9,2.57,8.0,0.0,1.0,0.0,0.0,0.0,1,0.29,1.0,0.0,0.0,0.0,0.0,0.0,Forward,
Vitinho,BRA,Burnley,"24 years,  days",25.7,44,1.71,33.0,2.0,4.0,3.0,1.0,1.0,6,0.23,5.0,0.0,0.0,0.0,1.0,0.0,Defender,Midfielder
Odisseas Vlachodimos,GRE,Nottingham Forest,"29 years,  days",5.0,1,0.2,1.0,0.0,0.0,0.0,0.0,0.0,0,0.0,0.0,0.0,0.0,0.0,0.0,0.0,Goalkeeper,
Kyle Walker,ENG,Manchester City,"33 years,  days",30.7,62,2.02,57.0,1.0,1.0,1.0,2.0,0.0,11,0.36,9.0,0.0,1.0,1.0,0.0,0.0,Defender,
Aaron Wan-Bissaka,ENG,Manchester Utd,"25 years,  days",19.8,26,1.31,24.0,1.0,0.0,0.0,1.0,0.0,3,0.15,3.0,0.0,0.0,0.0,0.0,0.0,Defender,
Joel Ward,ENG,Crystal Palace,"33 years,  days",22.0,16,0.73,13.0,2.0,0.0,1.0,0.0,0.0,3,0.14,2.0,1.0,0.0,0.0,0.0,0.0,Defender,
James Ward-Prowse,ENG,West Ham,"28 years,  days",33.3,116,3.48,57.0,51.0,1.0,4.0,1.0,2.0,16,0.48,7.0,7.0,0.0,2.0,0.0,0.0,Midfielder,
Lewis Warrington,ENG,Everton,"20 years,  days",0.0,0,0.0,0.0,0.0,0.0,0.0,0.0,0.0,0,0.0,0.0,0.0,0.0,0.0,0.0,0.0,Forward,
Deivid Washington,BRA,Chelsea,"18 years,  days",0.1,0,0.0,0.0,0.0,0.0,0.0,0.0,0.0,0,0.0,0.0,0.0,0.0,0.0,0.0,0.0,Defender,Forward
Ollie Watkins,ENG,Aston Villa,"27 years,  days",35.7,100,2.8,70.0,0.0,7.0,18.0,4.0,1.0,26,0.73,15.0,0.0,2.0,7.0,2.0,0.0,Forward,
Adam Webster,ENG,Brighton,"28 years,  days",12.7,14,1.1,13.0,0.0,0.0,1.0,0.0,0.0,0,0.0,0.0,0.0,0.0,0.0,0.0,0.0,Defender,
Danny Welbeck,ENG,Brighton,"32 years,  days",18.8,71,3.77,52.0,0.0,3.0,11.0,5.0,0.0,7,0.37,3.0,0.0,0.0,2.0,2.0,0.0,Forward,Midfielder
Timo Werner,GER,Tottenham,"27 years,  days",9.0,34,3.78,25.0,0.0,4.0,4.0,1.0,0.0,7,0.78,7.0,0.0,0.0,0.0,0.0,0.0,Forward,
Adam Wharton,ENG,Crystal Palace,"19 years,  days",14.4,37,2.57,30.0,7.0,0.0,0.0,0.0,0.0,5,0.35,5.0,0.0,0.0,0.0,0.0,0.0,Midfielder,
Ethan Wheatley,ENG,Manchester Utd,"17 years,  days",0.2,0,0.0,0.0,0.0,0.0,0.0,0.0,0.0,0,0.0,0.0,0.0,0.0,0.0,0.0,0.0,Forward,
Ben White,ENG,Arsenal,"25 years,  days",33.2,86,2.59,76.0,5.0,1.0,2.0,0.0,2.0,7,0.21,6.0,0.0,0.0,1.0,0.0,0.0,Defender,
Joe White,ENG,Newcastle Utd,"20 years,  days",0.1,0,0.0,0.0,0.0,0.0,0.0,0.0,0.0,0,0.0,0.0,0.0,0.0,0.0,0.0,0.0,Midfielder,
Neco Williams,WAL,Nottingham Forest,"22 years,  days",18.2,31,1.7,23.0,1.0,1.0,4.0,1.0,1.0,4,0.22,3.0,0.0,1.0,0.0,0.0,0.0,Defender,
Willian,BRA,Fulham,"34 years,  days",22.8,111,4.87,81.0,15.0,4.0,9.0,2.0,0.0,10,0.44,10.0,0.0,0.0,0.0,0.0,0.0,Forward,
Joe Willock,ENG,Newcastle Utd,"23 years,  days",4.7,13,2.8,11.0,0.0,0.0,2.0,0.0,0.0,1,0.22,1.0,0.0,0.0,0.0,0.0,0.0,Midfielder,
Callum Wilson,ENG,Newcastle Utd,"31 years,  days",11.0,22,2.0,12.0,0.0,4.0,5.0,1.0,0.0,4,0.36,2.0,0.0,1.0,1.0,0.0,0.0,Forward,
Harry Wilson,WAL,Fulham,"26 years,  days",18.0,65,3.61,42.0,4.0,5.0,4.0,8.0,2.0,10,0.56,9.0,0.0,0.0,0.0,1.0,0.0,Forward,
Yoane Wissa,COD,Brentford,"26 years,  days",27.7,64,2.31,43.0,1.0,4.0,7.0,7.0,2.0,10,0.36,6.0,0.0,1.0,1.0,2.0,0.0,Forward,
Chris Wood,NZL,Nottingham Forest,"31 years,  days",20.1,44,2.19,33.0,0.0,4.0,7.0,0.0,0.0,4,0.2,1.0,0.0,3.0,0.0,0.0,0.0,Forward,
Cauley Woodrow,ENG,Luton Town,"28 years,  days",4.7,17,3.57,13.0,0.0,1.0,2.0,1.0,0.0,2,0.42,2.0,0.0,0.0,0.0,0.0,0.0,Forward,Midfielder
Joe Worrall,ENG,Nottingham Forest,"26 years,  days",4.9,3,0.62,2.0,0.0,0.0,1.0,0.0,0.0,1,0.21,1.0,0.0,0.0,0.0,0.0,0.0,Defender,
Yehor Yarmoliuk,UKR,Brentford,"19 years,  days",7.6,17,2.22,12.0,0.0,1.0,2.0,2.0,0.0,1,0.13,1.0,0.0,0.0,0.0,0.0,0.0,Midfielder,
Ryan Yates,ENG,Nottingham Forest,"25 years,  days",22.1,30,1.36,22.0,0.0,0.0,5.0,3.0,0.0,4,0.18,3.0,0.0,0.0,1.0,0.0,0.0,Midfielder,
Ashley Young,ENG,Everton,"38 years,  days",25.3,58,2.29,38.0,10.0,1.0,4.0,3.0,2.0,1,0.04,0.0,0.0,0.0,0.0,1.0,0.0,Defender,Midfielder
Illia Zabarnyi,UKR,Bournemouth,"20 years,  days",37.0,27,0.73,26.0,0.0,0.0,1.0,0.0,0.0,1,0.03,1.0,0.0,0.0,0.0,0.0,0.0,Defender,
Nicolò Zaniolo,ITA,Aston Villa,"24 years,  days",9.3,30,3.23,20.0,0.0,2.0,6.0,1.0,1.0,3,0.32,3.0,0.0,0.0,0.0,0.0,0.0,Forward,Midfielder
Anass Zaroury,MAR,Burnley,"22 years,  days",1.7,2,1.18,1.0,1.0,0.0,0.0,0.0,0.0,0,0.0,0.0,0.0,0.0,0.0,0.0,0.0,Forward,Midfielder
Oleksandr Zinchenko,UKR,Arsenal,"26 years,  days",19.1,67,3.5,64.0,1.0,1.0,1.0,0.0,0.0,6,0.31,5.0,1.0,0.0,0.0,0.0,0.0,Defender,
Kurt Zouma,FRA,West Ham,"28 years,  days",31.5,13,0.41,11.0,0.0,0.0,1.0,1.0,0.0,2,0.06,2.0,0.0,0.0,0.0,0.0,0.0,Defender,
Martin Ødegaard,NOR,Arsenal,"24 years,  days",34.3,220,6.41,178.0,17.0,8.0,10.0,6.0,1.0,23,0.67,18.0,2.0,0.0,2.0,1.0,0.0,Midfielder,
